StudentID,Age,Gender,Ethnicity,ParentalEducation,StudyTimeWeekly,Absences,Tutoring,ParentalSupport,Extracurricular,Sports,Music,Volunteering,GPA,GradeClass,StudyCategory,AttendanceCategory
1001,17,1,0,2,19.833722807854716,7,1,2,0,0,1,0,2.929195591667681,2.0,HighStudy,LowAttendance
1005,17,1,0,2,4.6724952729713305,17,1,3,0,0,0,0,1.2880611817953875,4.0,LowStudy,HighAttendance
1008,15,1,1,4,15.424496305808074,22,1,1,1,0,0,0,1.360142712316461,4.0,HighStudy,HighAttendance
1015,18,1,0,1,11.197810636915708,9,1,2,0,0,0,0,2.396788117124796,3.0,HighStudy,LowAttendance
1016,15,0,0,2,9.728100710723565,17,1,0,0,1,0,0,1.3415207165346672,4.0,LowStudy,HighAttendance
1018,18,1,0,0,3.5282382085577235,16,1,2,0,0,0,0,1.3844041756940335,4.0,LowStudy,HighAttendance
1023,16,1,1,0,18.648879567547016,29,1,1,0,0,0,0,0.3125462305253549,4.0,HighStudy,HighAttendance
1031,15,0,2,2,5.055317199023282,12,1,0,0,1,0,0,1.727120309522409,4.0,LowStudy,LowAttendance
1035,16,0,0,3,9.126336411019247,27,1,2,1,1,0,0,1.1409594184203395,4.0,LowStudy,HighAttendance
1037,18,0,0,1,5.344197909721482,26,1,1,0,0,0,0,0.2182848568210317,4.0,LowStudy,HighAttendance
1038,15,0,2,1,10.18226770375044,21,1,1,0,1,0,0,1.0677635510419796,4.0,HighStudy,HighAttendance
1039,15,1,1,1,2.949078348522698,3,1,1,1,1,0,0,3.0189058584279675,1.0,LowStudy,LowAttendance
1040,17,1,2,1,12.233113512920282,21,1,3,1,1,0,0,1.5268678317927231,4.0,HighStudy,HighAttendance
1041,17,1,3,2,11.314946131022918,23,1,1,0,0,0,0,1.0582873996898603,4.0,HighStudy,HighAttendance
1043,16,1,3,2,18.754092307587356,12,1,4,0,0,0,0,2.8087548220286536,2.0,HighStudy,LowAttendance
1045,18,1,0,1,18.921512361376628,1,1,3,1,1,0,0,4.0,0.0,HighStudy,LowAttendance
1052,16,1,2,0,2.200354422550872,12,1,1,1,0,1,0,1.9863780592187463,4.0,LowStudy,LowAttendance
1055,17,0,0,0,0.1862058152470735,29,1,2,1,1,0,0,0.7562591665741925,4.0,LowStudy,HighAttendance
1059,17,0,0,1,6.771080548741026,9,1,3,0,1,0,0,2.61383869367367,2.0,LowStudy,LowAttendance
1065,17,0,0,2,16.388557073407302,3,1,4,0,0,0,0,3.347356743507809,1.0,HighStudy,LowAttendance
1066,16,0,1,1,18.111642751462643,6,1,3,1,0,0,0,3.2618553073332905,1.0,HighStudy,LowAttendance
1069,18,1,3,2,5.690239194848883,21,1,3,0,0,1,0,1.3299645378768772,4.0,LowStudy,HighAttendance
1074,16,0,0,3,16.24827315247801,4,1,2,0,0,0,0,3.300928568970799,1.0,HighStudy,LowAttendance
1078,18,1,1,3,18.079061303797783,18,1,1,1,1,0,0,2.1317372971872284,3.0,HighStudy,HighAttendance
1087,16,1,0,1,13.399069817184362,20,1,1,1,0,1,1,1.5237487447337323,4.0,HighStudy,HighAttendance
1093,16,0,0,2,9.697174794322072,1,1,3,0,0,0,0,3.552286943350944,0.0,LowStudy,LowAttendance
1094,16,0,3,2,7.099902316278836,16,1,3,0,1,0,0,2.23849135429023,3.0,LowStudy,HighAttendance
1101,17,1,2,1,6.029123728213359,23,1,1,1,1,0,1,1.2712295298373406,4.0,LowStudy,HighAttendance
1104,18,1,0,2,12.120276638721624,20,1,2,0,1,0,0,1.515639098395023,4.0,HighStudy,HighAttendance
1109,16,1,2,2,4.156476829176716,24,1,3,1,1,0,0,1.487946865169799,4.0,LowStudy,HighAttendance
1110,17,0,2,1,10.081401594968488,12,1,4,0,0,0,0,2.587565796370635,2.0,HighStudy,LowAttendance
1111,18,0,1,1,10.89763372058787,4,1,3,0,0,0,0,3.2208069781948727,1.0,HighStudy,LowAttendance
1112,17,1,3,0,5.670143805418788,2,1,4,0,0,1,0,3.5451594318003106,0.0,LowStudy,LowAttendance
1114,16,0,0,1,16.8492821367115,18,1,1,0,1,1,0,1.919956439918208,4.0,HighStudy,HighAttendance
1115,17,0,2,0,14.44747015265597,13,1,2,0,0,0,0,2.198593184586961,3.0,HighStudy,LowAttendance
1121,18,1,0,3,3.170404680548189,12,1,1,1,1,0,0,2.17490279620988,3.0,LowStudy,LowAttendance
1122,15,1,1,1,9.74935670927948,7,1,1,0,1,1,0,2.974406014911044,2.0,LowStudy,LowAttendance
1125,15,0,0,2,2.5807281777884983,1,1,2,1,0,1,0,3.4982573417733205,1.0,LowStudy,LowAttendance
1128,15,0,2,2,17.75503049343376,10,1,1,0,1,0,0,2.8199217452931866,2.0,HighStudy,LowAttendance
1129,18,0,1,2,0.8117142426939017,12,1,1,1,1,0,0,2.0165967745176614,3.0,LowStudy,LowAttendance
1130,18,1,0,1,18.274549880129182,22,1,3,0,0,0,0,1.3711850388917164,4.0,HighStudy,HighAttendance
1133,15,0,2,1,15.785813093542094,4,1,2,0,1,0,0,3.58242187231196,0.0,HighStudy,LowAttendance
1135,17,0,0,2,19.33731100586787,5,1,2,1,0,0,0,3.161436270258364,1.0,HighStudy,LowAttendance
1140,15,1,2,3,19.786990280840783,17,1,3,0,0,0,0,2.2379013009826028,3.0,HighStudy,HighAttendance
1142,15,1,0,1,13.09814246295718,23,1,0,1,1,0,0,1.0460447710800969,4.0,HighStudy,HighAttendance
1143,18,1,2,2,8.854718554129166,23,1,3,0,0,0,0,0.8164582452137992,4.0,LowStudy,HighAttendance
1145,18,0,2,2,4.919994806135904,7,1,2,1,1,0,0,2.432078522782237,3.0,LowStudy,LowAttendance
1147,17,1,2,2,9.64712417165506,1,1,2,1,0,0,1,3.588887939765012,0.0,LowStudy,LowAttendance
1152,17,1,1,1,14.763015096833794,20,1,3,0,1,0,0,1.7629211240998668,4.0,HighStudy,HighAttendance
1156,16,0,0,3,17.232499001679567,16,1,3,1,1,0,0,2.631434065124418,2.0,HighStudy,HighAttendance
1161,17,0,2,2,0.9956200304608752,4,1,3,1,0,0,1,3.3759940088028397,1.0,LowStudy,LowAttendance
1162,15,1,3,3,5.370001523949908,22,1,3,0,0,0,0,1.293573556445951,4.0,LowStudy,HighAttendance
1163,18,0,0,2,13.084715598906358,0,1,3,0,0,1,1,3.7185869042869646,0.0,HighStudy,LowAttendance
1165,16,1,1,3,18.880825565618547,11,1,2,1,0,0,0,2.369648013449619,3.0,HighStudy,LowAttendance
1167,18,1,0,1,13.87726684656789,15,1,2,1,1,0,0,2.5374768278143587,2.0,HighStudy,LowAttendance
1173,17,1,0,1,14.132850434978678,14,1,3,0,0,0,0,2.3392245127535936,3.0,HighStudy,LowAttendance
1175,18,1,0,1,6.586425549650086,20,1,1,1,0,0,0,1.543837471085622,4.0,LowStudy,HighAttendance
1178,17,0,3,1,10.889226642983372,25,1,2,1,0,1,0,1.1048937876999445,4.0,HighStudy,HighAttendance
1181,15,0,0,2,19.698582168829837,5,1,3,0,0,0,0,3.1860603780389143,1.0,HighStudy,LowAttendance
1184,17,1,1,2,17.507264798015214,9,1,4,1,1,0,0,3.273998748434336,1.0,HighStudy,LowAttendance
1186,15,0,1,2,9.076931276138232,26,1,3,1,0,0,0,0.8963978990233954,4.0,LowStudy,HighAttendance
1190,16,0,2,2,7.464147382102537,21,1,3,0,0,0,0,1.36559111032951,4.0,LowStudy,HighAttendance
1192,17,1,0,2,11.582596080700982,13,1,3,0,0,0,0,2.2314023973705024,3.0,HighStudy,LowAttendance
1195,17,1,0,0,13.483738976592276,11,1,1,1,0,1,0,2.751145787611705,2.0,HighStudy,LowAttendance
1206,15,0,0,2,3.4957343009031594,12,1,4,0,0,0,0,2.1923631978552875,3.0,LowStudy,LowAttendance
1207,18,0,0,4,19.74200171848233,26,1,1,1,0,0,0,0.94573087329995,4.0,HighStudy,HighAttendance
1210,15,0,0,2,6.508365613652156,20,1,2,1,0,1,1,1.6560601255004677,4.0,LowStudy,HighAttendance
1214,17,0,1,1,8.476163703471485,14,1,2,0,0,0,0,1.9200558526588956,4.0,LowStudy,LowAttendance
1216,15,0,0,2,0.4939459537222257,29,1,1,1,0,0,0,0.1259330746249498,4.0,LowStudy,HighAttendance
1217,18,1,2,1,16.205182610345737,26,1,2,1,0,0,0,1.2870134123902284,4.0,HighStudy,HighAttendance
1219,18,1,2,3,5.564343741376443,19,1,3,0,0,0,0,1.4633796485356,4.0,LowStudy,HighAttendance
1229,15,0,2,2,7.272228983801277,12,1,0,0,0,0,0,1.4461325277019692,4.0,LowStudy,LowAttendance
1238,16,0,0,2,16.50269751322838,25,1,2,0,0,1,0,1.25865485443205,4.0,HighStudy,HighAttendance
1239,17,0,1,4,9.705112082944822,23,1,2,0,0,0,0,1.4179299273727557,4.0,LowStudy,HighAttendance
1241,16,0,0,3,6.095218255946515,2,1,2,0,1,0,0,3.08869986818596,1.0,LowStudy,LowAttendance
1244,15,1,1,0,14.282382818498318,12,1,2,0,0,0,0,2.389032645212185,3.0,HighStudy,LowAttendance
1253,18,0,0,2,13.274687213878767,3,1,1,1,0,0,0,2.913887649138132,2.0,HighStudy,LowAttendance
1255,15,1,3,2,5.724486144799887,18,1,0,0,0,0,0,1.0363787383257312,4.0,LowStudy,HighAttendance
1257,17,0,0,2,3.8689445602387496,0,1,3,0,0,0,0,3.1565080639094454,1.0,LowStudy,LowAttendance
1258,16,1,0,2,4.207441630596716,7,1,2,0,1,1,0,2.723471858740064,2.0,LowStudy,LowAttendance
1262,16,0,0,2,4.550677538729266,20,1,1,1,0,0,0,1.265677909199434,4.0,LowStudy,HighAttendance
1266,16,1,2,2,1.5028590635517314,10,1,3,0,0,0,0,2.1502332699887816,3.0,LowStudy,LowAttendance
1270,17,1,2,0,14.158956534023782,21,1,2,0,1,0,0,1.0027983635819373,4.0,HighStudy,HighAttendance
1275,15,1,0,2,10.728207661600608,13,1,1,0,0,0,0,2.153758339869399,3.0,HighStudy,LowAttendance
1278,16,0,0,3,12.080099954790002,28,1,3,0,0,0,0,0.6956309334599464,4.0,HighStudy,HighAttendance
1279,15,0,1,2,17.42667184680565,13,1,2,0,0,0,0,2.139619891368985,3.0,HighStudy,LowAttendance
1282,18,0,0,0,8.094117486583404,8,1,3,0,0,1,0,2.966548034294946,2.0,LowStudy,LowAttendance
1284,17,0,0,1,5.141921787902235,5,1,1,0,0,0,0,2.3325403195354064,3.0,LowStudy,LowAttendance
1285,16,0,0,3,9.589099562995314,7,1,3,1,1,1,0,3.270262309404739,1.0,LowStudy,LowAttendance
1287,15,0,0,2,18.276290452498884,12,1,1,0,0,0,0,1.8949043363401072,4.0,HighStudy,LowAttendance
1291,15,1,0,4,16.732404207353163,20,1,4,0,1,1,0,1.8476004181084256,4.0,HighStudy,HighAttendance
1294,16,0,0,1,6.682860447677244,6,1,0,0,0,0,1,2.546516637246023,2.0,LowStudy,LowAttendance
1297,16,0,0,0,17.415943446762263,10,1,4,0,1,0,0,3.088512305616677,1.0,HighStudy,LowAttendance
1298,17,1,0,1,10.254997995878592,11,1,3,0,0,0,0,1.992559805482,4.0,HighStudy,LowAttendance
1299,15,1,1,3,7.965004697268256,13,1,3,0,1,0,0,2.605247445547851,2.0,LowStudy,LowAttendance
1300,18,0,1,1,9.943345614353714,12,1,1,0,0,0,0,1.7339724542334658,4.0,LowStudy,LowAttendance
1306,15,1,0,1,2.764911312681142,7,1,1,0,0,0,0,2.3928973584250004,3.0,LowStudy,LowAttendance
1315,17,0,0,2,2.187118062189577,5,1,1,0,1,0,0,2.844039214925591,2.0,LowStudy,LowAttendance
1316,18,1,0,0,7.945825858918114,15,1,0,0,1,0,0,1.253451854215859,4.0,LowStudy,LowAttendance
1318,15,1,0,2,11.389647762731837,3,1,3,1,0,0,0,3.191046118219917,1.0,HighStudy,LowAttendance
1323,18,1,0,1,4.257001720767148,29,1,3,1,1,0,0,0.9124156208354256,4.0,LowStudy,HighAttendance
1325,16,1,1,2,10.857562647216104,5,1,1,0,1,0,0,2.981992255406158,2.0,HighStudy,LowAttendance
1328,17,1,0,3,2.595659314452225,15,1,3,0,0,0,0,1.9169618961294344,4.0,LowStudy,LowAttendance
1354,18,1,2,0,5.188983421361526,2,1,3,0,0,0,0,3.1813076022771107,1.0,LowStudy,LowAttendance
1356,17,0,0,3,2.3854334407948685,11,1,2,0,0,0,0,2.2113795279733512,3.0,LowStudy,LowAttendance
1357,16,1,2,2,4.491647653078021,2,1,3,1,1,0,0,3.375252255246081,1.0,LowStudy,LowAttendance
1363,15,1,3,2,8.093074832971004,29,1,0,0,0,0,0,0.7157420455446748,4.0,LowStudy,HighAttendance
1364,16,0,0,3,7.873637719812256,0,1,4,0,0,1,0,3.8806400848697424,0.0,LowStudy,LowAttendance
1368,16,0,0,1,19.784333668411723,24,1,1,0,1,0,0,0.911568270646688,4.0,HighStudy,HighAttendance
1369,17,1,0,3,3.3365940990052567,20,1,1,0,0,0,0,1.1378011102056016,4.0,LowStudy,HighAttendance
1370,17,0,0,2,0.9336963979854752,8,1,3,1,0,0,1,2.34926492736688,3.0,LowStudy,LowAttendance
1375,15,1,1,2,18.91347074101609,22,1,2,1,0,0,0,1.6230778220088506,4.0,HighStudy,HighAttendance
1376,18,0,0,1,8.178544715133441,8,1,1,1,0,0,0,2.200896321528595,3.0,LowStudy,LowAttendance
1380,15,0,0,2,8.991978120154746,10,1,3,1,0,0,0,2.8304044557095467,2.0,LowStudy,LowAttendance
1385,15,0,0,1,14.710414115871624,19,1,1,1,0,0,0,1.7994091491725042,4.0,HighStudy,HighAttendance
1393,18,1,2,3,16.412831207089575,24,1,1,1,0,0,0,1.206150230255099,4.0,HighStudy,HighAttendance
1399,18,1,2,1,0.1670940834427714,17,1,3,1,0,0,1,1.8687585897071977,4.0,LowStudy,HighAttendance
1413,16,0,1,2,10.437245906643575,19,1,1,1,1,1,0,1.879575445166732,4.0,HighStudy,HighAttendance
1417,15,0,0,1,14.49825493248879,17,1,2,1,0,0,0,1.503416679305313,4.0,HighStudy,HighAttendance
1418,16,1,2,4,17.8952397402499,19,1,2,1,0,0,0,1.5258378621561266,4.0,HighStudy,HighAttendance
1421,16,0,1,4,4.188134278998672,20,1,2,0,1,0,0,1.4382049683676248,4.0,LowStudy,HighAttendance
1424,17,1,2,2,5.621477708902263,0,1,4,0,0,1,0,3.770694721842285,0.0,LowStudy,LowAttendance
1427,15,0,0,3,11.604570643982834,8,1,1,0,0,1,0,2.5353912836886785,2.0,HighStudy,LowAttendance
1435,18,1,2,1,6.263641014072703,5,1,1,1,0,0,0,2.905242112307261,2.0,LowStudy,LowAttendance
1437,18,0,0,1,18.03832215675765,0,1,0,1,0,0,0,3.4184098665461984,1.0,HighStudy,LowAttendance
1438,18,0,0,2,7.943737726342577,27,1,1,0,0,0,0,0.5829208864689581,4.0,LowStudy,HighAttendance
1441,15,0,0,1,6.410723336129911,2,1,1,0,0,0,1,3.1062304249844512,1.0,LowStudy,LowAttendance
1445,18,1,3,1,17.220667999444807,8,1,4,1,0,0,0,3.0677183698465544,1.0,HighStudy,LowAttendance
1449,17,0,0,2,10.268689942516405,17,1,3,1,0,0,0,2.1757392926719743,3.0,HighStudy,HighAttendance
1457,16,0,1,4,6.511622650380229,6,1,2,0,1,1,0,3.2094931359032093,1.0,LowStudy,LowAttendance
1460,17,0,0,3,0.8769370499325979,3,1,2,0,1,1,0,3.0042333028010937,1.0,LowStudy,LowAttendance
1463,16,1,0,2,1.126665555984796,24,1,2,0,0,0,1,0.6416491686246723,4.0,LowStudy,HighAttendance
1469,15,0,2,2,3.2943549388596183,26,1,2,0,0,0,0,0.2782154592390721,4.0,LowStudy,HighAttendance
1473,17,1,0,0,6.391788525199966,6,1,2,1,0,1,0,3.2389317177358112,1.0,LowStudy,LowAttendance
1474,18,0,1,2,11.83615815326652,11,1,3,1,1,0,0,2.573034385056746,2.0,HighStudy,LowAttendance
1476,18,1,2,3,2.949060185323591,2,1,3,0,1,0,1,3.143909878121016,1.0,LowStudy,LowAttendance
1477,15,1,0,1,1.4649120821478023,25,1,2,1,0,0,0,1.04646340029671,4.0,LowStudy,HighAttendance
1481,18,0,2,4,14.32650686952056,14,1,3,0,1,1,0,2.794885282534225,2.0,HighStudy,LowAttendance
1482,16,1,0,2,13.387708473397383,28,1,4,0,0,0,1,1.1865697291923056,4.0,HighStudy,HighAttendance
1486,16,1,0,1,12.429288453135692,21,1,3,0,0,1,0,1.5950547587554351,4.0,HighStudy,HighAttendance
1487,17,0,1,1,15.557554110737543,15,1,2,1,0,0,0,2.222002853095735,3.0,HighStudy,LowAttendance
1491,18,0,0,2,12.85604100324165,19,1,1,1,0,0,0,1.5567655569083212,4.0,HighStudy,HighAttendance
1494,16,0,3,1,6.846681649219814,25,1,1,0,1,0,0,0.5672371067999946,4.0,LowStudy,HighAttendance
1496,17,1,0,1,11.22711648378676,24,1,3,0,0,1,0,1.2912304259430896,4.0,HighStudy,HighAttendance
1499,15,1,0,1,10.352596567959344,15,1,2,1,0,1,0,2.1901466017791726,3.0,HighStudy,LowAttendance
1505,17,1,1,0,18.75100674814677,0,1,4,1,0,0,0,3.9470929642201775,0.0,HighStudy,LowAttendance
1506,15,0,0,2,10.597512510364124,4,1,2,0,1,0,0,3.0173532270832526,1.0,HighStudy,LowAttendance
1507,18,1,0,1,12.298060291338722,9,1,1,1,0,0,0,2.813786291054958,2.0,HighStudy,LowAttendance
1509,18,1,0,0,1.8731490521494896,20,1,1,0,0,0,0,0.8922661351679123,4.0,LowStudy,HighAttendance
1510,16,1,2,0,15.36178756837333,3,1,2,1,1,0,0,3.666290826527483,0.0,HighStudy,LowAttendance
1514,16,0,0,2,16.75682761811037,15,1,3,0,1,0,1,2.353731151756538,3.0,HighStudy,LowAttendance
1516,17,0,0,0,17.622102967131315,8,1,2,0,0,0,0,2.6471959858736853,2.0,HighStudy,LowAttendance
1518,16,0,0,0,11.859694955109878,15,1,4,1,0,0,0,2.6441973683601545,2.0,HighStudy,LowAttendance
1523,16,0,0,2,6.879592726327404,19,1,1,0,0,0,0,1.2714946229661936,4.0,LowStudy,HighAttendance
1524,17,0,1,1,5.545168326983722,9,1,2,0,1,0,0,2.6216668933929705,2.0,LowStudy,LowAttendance
1530,16,1,2,4,0.6211375207031122,16,1,4,0,0,0,0,1.88585022368373,4.0,LowStudy,HighAttendance
1531,15,0,2,2,11.083625108975976,8,1,0,0,1,0,0,2.3278327626806856,3.0,HighStudy,LowAttendance
1543,17,0,2,0,8.517863100733635,6,1,3,1,0,0,0,3.219333348074609,1.0,LowStudy,LowAttendance
1544,16,0,0,1,19.71048266510436,13,1,2,0,0,0,0,2.2408700600381573,3.0,HighStudy,LowAttendance
1545,15,1,2,2,11.081167669204214,14,1,2,0,1,0,0,1.9137997969013387,4.0,HighStudy,LowAttendance
1550,17,0,1,1,2.794411339579081,1,1,2,0,1,0,0,3.335098154642011,1.0,LowStudy,LowAttendance
1555,15,0,1,3,10.549129274434645,4,1,1,0,1,0,0,3.017063255946228,1.0,HighStudy,LowAttendance
1559,18,1,2,0,1.7514912597247645,8,1,2,1,1,0,0,2.6054252316173008,2.0,LowStudy,LowAttendance
1563,17,1,3,0,13.305456724738216,29,1,3,0,0,1,0,0.7834866400151184,4.0,HighStudy,HighAttendance
1566,16,0,2,2,3.278634419064055,4,1,4,1,0,0,0,3.2448822032661777,1.0,LowStudy,LowAttendance
1567,16,0,0,2,14.71907121030356,13,1,4,1,0,0,0,2.8656747490202017,2.0,HighStudy,LowAttendance
1569,17,0,0,1,9.267820176092926,7,1,3,0,1,1,0,3.303066678642581,1.0,LowStudy,LowAttendance
1571,16,1,0,2,3.425468213324792,12,1,1,1,1,1,0,2.600264186907329,2.0,LowStudy,LowAttendance
1574,16,0,2,4,13.24743719825507,10,1,2,0,0,0,0,2.475854110200245,3.0,HighStudy,LowAttendance
1575,17,0,2,3,3.165661013987473,27,1,3,1,0,0,0,0.782809234051424,4.0,LowStudy,HighAttendance
1577,15,0,3,2,2.563761456209235,17,1,0,1,0,0,0,1.2836220775478306,4.0,LowStudy,HighAttendance
1579,16,1,0,2,4.944121474777536,18,1,2,0,0,0,0,1.6692302172984,4.0,LowStudy,HighAttendance
1587,16,0,2,1,7.830741992032584,27,1,2,0,0,0,0,0.4721810422090253,4.0,LowStudy,HighAttendance
1598,17,1,2,2,6.488764572701324,21,1,1,1,0,0,1,1.1466960797952552,4.0,LowStudy,HighAttendance
1600,16,1,2,0,0.514848194944324,15,1,2,0,0,1,0,1.5252820489261911,4.0,LowStudy,LowAttendance
1602,18,1,0,2,16.06609147036067,18,1,1,1,0,1,0,1.9529530122549463,4.0,HighStudy,HighAttendance
1605,17,0,0,2,9.110033904384403,25,1,3,0,0,0,1,1.106713497753671,4.0,LowStudy,HighAttendance
1609,18,1,1,3,18.89500160420424,22,1,2,0,0,0,0,1.2267412857712765,4.0,HighStudy,HighAttendance
1612,16,1,1,1,18.484368696853203,11,1,3,1,0,0,0,2.7718106588704914,2.0,HighStudy,LowAttendance
1614,16,0,2,2,11.628497897381742,23,1,0,1,0,0,1,1.1055870981431069,4.0,HighStudy,HighAttendance
1616,17,0,0,3,4.3864080242276415,26,1,4,1,1,0,0,0.9918836980476614,4.0,LowStudy,HighAttendance
1631,15,1,1,0,14.389199353399436,3,1,1,0,0,0,0,3.091715028356484,1.0,HighStudy,LowAttendance
1635,16,0,3,2,4.461800368907117,18,1,3,1,1,0,0,1.6304001316060543,4.0,LowStudy,HighAttendance
1637,15,0,1,1,2.0678987326008302,20,1,3,1,0,0,0,1.279370611476852,4.0,LowStudy,HighAttendance
1639,16,0,0,4,4.598367417232652,24,1,2,0,1,1,1,1.2783470336697191,4.0,LowStudy,HighAttendance
1643,18,1,0,4,18.11887935852529,24,1,0,1,1,0,0,1.3962784383778892,4.0,HighStudy,HighAttendance
1644,15,0,0,1,11.33612210020932,21,1,2,1,0,0,0,1.6094867987939343,4.0,HighStudy,HighAttendance
1651,17,0,0,2,18.88189571860729,16,1,4,1,1,0,0,2.423800751639832,3.0,HighStudy,HighAttendance
1655,16,1,0,0,4.009380955327179,18,1,1,1,0,0,0,1.5420637396404375,4.0,LowStudy,HighAttendance
1656,15,1,0,3,8.269315334203203,29,1,2,0,0,1,0,0.7307796023629439,4.0,LowStudy,HighAttendance
1658,17,1,0,1,17.53120981577435,25,1,3,0,0,0,0,1.122889381075435,4.0,HighStudy,HighAttendance
1659,18,1,0,1,3.165725121181961,1,1,3,0,1,0,0,2.9594927281039074,2.0,LowStudy,LowAttendance
1662,17,1,0,1,13.837278163216888,11,1,0,1,0,0,0,2.13406203808262,3.0,HighStudy,LowAttendance
1667,16,0,0,1,1.3448126810407324,17,1,3,1,1,0,0,1.9913793639901416,4.0,LowStudy,HighAttendance
1670,17,1,0,2,12.29082036442631,20,1,0,1,1,1,0,1.8102707442887624,4.0,HighStudy,HighAttendance
1673,16,1,1,1,2.369234101889637,0,1,2,1,0,0,0,3.363670491095614,1.0,LowStudy,LowAttendance
1678,18,1,1,1,5.915056692406589,2,1,3,0,0,0,0,3.120136639384952,1.0,LowStudy,LowAttendance
1683,17,0,1,2,2.7274221005891675,0,1,0,1,0,1,0,3.560791672128213,0.0,LowStudy,LowAttendance
1684,18,1,2,3,3.9337711646242624,8,1,3,0,1,0,0,2.528774574406828,2.0,LowStudy,LowAttendance
1685,15,1,3,3,1.106647743266922,15,1,2,0,1,0,0,1.5923878582033109,4.0,LowStudy,LowAttendance
1687,16,0,0,2,0.1840179525075891,11,1,0,1,0,0,0,1.8104094800411437,4.0,LowStudy,LowAttendance
1689,17,0,2,0,6.327508147753658,0,1,2,0,0,0,1,3.0476020888188065,1.0,LowStudy,LowAttendance
1690,16,0,2,2,19.46289422853817,6,1,3,1,1,0,0,3.625921730346796,0.0,HighStudy,LowAttendance
1695,16,1,0,2,16.78415906078918,14,1,1,0,0,0,0,2.398121085937693,3.0,HighStudy,LowAttendance
1699,16,1,0,2,10.710438321719272,12,1,2,0,0,0,0,2.214067459161345,3.0,HighStudy,LowAttendance
1705,15,1,3,2,1.0809525469945314,16,1,3,0,1,0,0,1.7785692022870156,4.0,LowStudy,HighAttendance
1715,18,1,2,2,3.009909961451711,23,1,1,1,1,0,0,1.0578761267920678,4.0,LowStudy,HighAttendance
1717,17,0,1,2,16.032851796627344,3,1,2,1,0,0,1,3.5169407207158963,0.0,HighStudy,LowAttendance
1718,18,1,1,0,8.830680207577938,21,1,3,0,1,0,1,1.0491570024752104,4.0,LowStudy,HighAttendance
1720,18,0,0,2,16.975351705626284,27,1,0,1,0,0,1,0.586837405483887,4.0,HighStudy,HighAttendance
1735,16,1,1,1,17.613011549291556,10,1,2,1,0,0,0,2.824604892517854,2.0,HighStudy,LowAttendance
1736,17,1,0,2,8.258223791784264,25,1,3,0,1,1,1,1.364373782117196,4.0,LowStudy,HighAttendance
1738,15,1,2,2,0.9859932481833988,28,1,2,1,0,1,0,0.5684680837933294,4.0,LowStudy,HighAttendance
1741,17,1,3,2,13.611661858375346,8,1,3,0,0,0,0,2.840092975101314,2.0,HighStudy,LowAttendance
1743,16,1,0,2,2.2752391760909885,18,1,3,1,0,0,0,1.7209071500753406,4.0,LowStudy,HighAttendance
1750,16,0,3,2,5.213327651242034,1,1,2,0,0,0,0,2.8883859357893624,2.0,LowStudy,LowAttendance
1754,16,1,0,3,3.3766721330514016,27,1,0,0,0,0,0,0.3226418269944476,4.0,LowStudy,HighAttendance
1757,16,0,2,1,11.934459802124342,17,1,3,0,1,0,0,2.226983393791037,3.0,HighStudy,HighAttendance
1760,17,1,0,3,2.4377842416071798,28,1,3,1,0,0,0,0.8670343739276987,4.0,LowStudy,HighAttendance
1761,18,1,2,2,10.195141338017429,13,1,3,0,1,0,0,2.166091325158555,3.0,HighStudy,LowAttendance
1764,16,0,1,0,9.507181353617373,10,1,2,0,1,0,0,2.44385726431874,3.0,LowStudy,LowAttendance
1766,17,0,0,1,12.820121146414024,10,1,1,0,1,0,0,2.465306489467062,3.0,HighStudy,LowAttendance
1770,15,0,0,2,2.8173720790172263,6,1,0,0,1,0,0,2.5896707308558047,2.0,LowStudy,LowAttendance
1771,15,1,0,3,12.49887540815664,8,1,2,1,0,0,0,2.7423611231016096,2.0,HighStudy,LowAttendance
1773,15,0,0,1,18.63825465194912,6,1,1,0,0,1,0,2.8534371942017955,2.0,HighStudy,LowAttendance
1776,15,0,0,2,1.265253436413496,2,1,1,0,1,0,0,3.127617865184041,1.0,LowStudy,LowAttendance
1777,15,1,2,1,12.060277267291765,1,1,2,0,1,1,1,3.453275896757228,1.0,HighStudy,LowAttendance
1778,18,1,0,4,1.1426543868665997,20,1,1,1,0,0,0,0.8227735669667381,4.0,LowStudy,HighAttendance
1779,18,0,1,1,17.875483755238896,21,1,0,0,0,0,0,1.2173352280449594,4.0,HighStudy,HighAttendance
1782,17,1,0,0,16.63147851820905,3,1,3,0,0,0,0,3.299131001833344,1.0,HighStudy,LowAttendance
1787,17,0,2,4,2.5795781585433053,21,1,3,1,0,1,1,1.8865425000782805,4.0,LowStudy,HighAttendance
1789,18,0,0,3,11.966121513920376,16,1,1,0,0,0,0,1.5003394189345471,4.0,HighStudy,HighAttendance
1802,16,0,0,0,15.14938101446206,16,1,2,1,0,0,0,1.955791738835412,4.0,HighStudy,HighAttendance
1804,15,1,1,2,14.183614075888094,14,1,2,0,1,0,0,2.370067422230533,3.0,HighStudy,LowAttendance
1805,16,1,3,3,4.006796421928847,28,1,2,0,0,0,0,0.1525907792336783,4.0,LowStudy,HighAttendance
1807,18,0,0,1,13.7658599685451,27,1,1,1,0,1,1,0.9220132315429356,4.0,HighStudy,HighAttendance
1809,16,0,1,0,8.773433936060977,16,1,2,0,1,0,0,1.8934409155419147,4.0,LowStudy,HighAttendance
1810,15,0,1,4,15.640036511878828,13,1,2,0,0,0,0,1.9395846660340497,4.0,HighStudy,LowAttendance
1819,18,0,0,1,2.33608215467904,22,1,1,1,0,0,0,1.0690799865648395,4.0,LowStudy,HighAttendance
1820,15,1,1,2,5.463192407398902,3,1,4,1,0,0,0,3.9417600224442615,0.0,LowStudy,LowAttendance
1825,18,0,0,2,14.405358478947912,26,1,1,1,0,0,1,1.1003818825946587,4.0,HighStudy,HighAttendance
1828,16,1,2,2,18.451448098116,13,1,1,0,0,0,0,2.591940919144186,2.0,HighStudy,LowAttendance
1829,17,1,1,3,11.369444043136392,8,1,0,0,0,0,1,2.28221274517396,3.0,HighStudy,LowAttendance
1834,18,1,2,1,0.7942241514449444,3,1,3,1,0,0,0,2.8760550053652034,2.0,LowStudy,LowAttendance
1837,17,0,0,1,12.733858287158837,10,1,2,0,0,0,0,2.550546233695912,2.0,HighStudy,LowAttendance
1838,15,1,0,3,4.424756396133674,21,1,2,1,1,1,1,1.943573340544709,4.0,LowStudy,HighAttendance
1839,18,1,1,3,13.54147425316896,3,1,3,1,0,0,1,3.3104012689001965,1.0,HighStudy,LowAttendance
1847,16,1,1,2,16.02704116540497,23,1,3,1,1,0,1,1.7676467845806807,4.0,HighStudy,HighAttendance
1849,17,1,0,1,4.6016898371495,23,1,3,0,1,0,0,1.0342011685600785,4.0,LowStudy,HighAttendance
1851,17,1,1,1,16.524347515504402,20,1,2,1,0,0,0,1.7899668741623316,4.0,HighStudy,HighAttendance
1853,15,1,2,2,10.488726917154986,13,1,3,0,1,0,1,2.443619105420938,3.0,HighStudy,LowAttendance
1856,15,0,0,0,12.844192740053948,25,1,1,0,0,0,0,0.9000416924553322,4.0,HighStudy,HighAttendance
1859,16,0,1,1,15.887684501857128,6,1,1,0,0,1,1,2.88313626573597,2.0,HighStudy,LowAttendance
1860,17,0,0,1,1.9793724681741365,7,1,3,1,0,0,0,2.877853697636979,2.0,LowStudy,LowAttendance
1865,18,1,1,2,19.594686695477197,26,1,3,0,0,0,0,1.5051727733314488,4.0,HighStudy,HighAttendance
1868,16,0,2,2,14.101265684107585,12,1,1,1,0,0,0,2.116723382234456,3.0,HighStudy,LowAttendance
1885,18,0,2,0,12.635496873055107,0,1,2,0,0,0,0,3.7079480402167513,0.0,HighStudy,LowAttendance
1887,15,1,0,3,18.97308161805981,29,1,1,1,0,0,0,0.9954496418804064,4.0,HighStudy,HighAttendance
1888,16,1,2,1,3.395169964142717,12,1,4,0,1,0,0,2.5287112567899213,2.0,LowStudy,LowAttendance
1891,17,0,2,4,9.622513836336912,28,1,0,0,0,0,0,0.5477807235419316,4.0,LowStudy,HighAttendance
1893,15,0,0,2,8.982468278605015,11,1,1,0,0,0,0,2.309975847769393,3.0,LowStudy,LowAttendance
1900,17,1,2,1,4.999179624789911,26,1,1,0,0,0,0,0.2432980938442744,4.0,LowStudy,HighAttendance
1901,15,0,0,1,12.190570195081271,13,1,2,0,0,0,0,2.1947065208246226,3.0,HighStudy,LowAttendance
1903,16,1,3,2,7.394756217453775,28,1,2,0,1,0,0,0.8334934182533646,4.0,LowStudy,HighAttendance
1904,17,1,0,3,9.721150838053616,2,1,3,0,0,0,0,3.402401590802249,1.0,LowStudy,LowAttendance
1905,17,1,1,1,6.275642866114575,6,1,2,0,0,1,0,2.6162916954361832,2.0,LowStudy,LowAttendance
1907,16,1,0,1,4.276024213254656,18,1,1,1,0,0,1,1.6977287802151977,4.0,LowStudy,HighAttendance
1910,16,1,3,2,13.21454786218303,15,1,2,1,0,1,0,2.246545273169087,3.0,HighStudy,LowAttendance
1913,15,1,0,2,1.040916775122629,18,1,1,0,1,0,0,1.3553810454285826,4.0,LowStudy,HighAttendance
1915,18,1,0,4,17.253503258914517,22,1,3,1,0,0,0,1.5569571221233611,4.0,HighStudy,HighAttendance
1916,16,0,0,1,8.866406415453973,4,1,2,1,0,0,0,3.219531247903172,1.0,LowStudy,LowAttendance
1919,18,0,2,2,10.646087276963325,3,1,2,1,1,0,0,3.4913265883378144,1.0,HighStudy,LowAttendance
1921,15,0,2,3,1.6607751562037287,25,1,0,0,0,0,1,0.1704636132529806,4.0,LowStudy,HighAttendance
1922,17,0,0,1,3.821037374173657,12,1,4,0,0,0,0,2.197387290025697,3.0,LowStudy,LowAttendance
1925,15,1,0,2,16.324557037256003,21,1,0,0,1,0,0,1.3610312878747248,4.0,HighStudy,HighAttendance
1928,18,1,2,4,0.9483127228016984,16,1,3,0,1,1,0,1.8044174585321688,4.0,LowStudy,HighAttendance
1929,16,1,1,2,16.023430065906496,4,1,2,1,1,0,0,3.262269864334146,1.0,HighStudy,LowAttendance
1933,15,0,2,1,14.846204910674489,22,1,3,0,0,0,0,1.5165082679194366,4.0,HighStudy,HighAttendance
1934,15,1,2,1,15.408235741372875,20,1,3,0,0,0,0,2.0322195117185347,3.0,HighStudy,HighAttendance
1935,18,0,2,0,9.99236823997524,17,1,3,1,1,0,0,2.289299775238682,3.0,LowStudy,HighAttendance
1937,16,1,0,1,19.47485164076987,26,1,3,1,0,0,1,1.6676669904535018,4.0,HighStudy,HighAttendance
1938,15,1,1,2,13.267252219129857,14,1,3,0,0,0,0,2.595889050696416,2.0,HighStudy,LowAttendance
1941,18,1,0,1,14.622059660071242,15,1,0,0,0,0,0,1.3791671997209602,4.0,HighStudy,LowAttendance
1948,18,0,1,1,13.098822091346433,14,1,4,1,0,1,0,2.996856278708232,2.0,HighStudy,LowAttendance
1949,16,0,2,2,5.665930559954044,22,1,1,1,1,0,0,1.2848657108072905,4.0,LowStudy,HighAttendance
1950,15,1,1,2,0.0048586886902546,18,1,1,0,0,0,0,1.2010533026138683,4.0,LowStudy,HighAttendance
1952,18,1,0,2,18.67230755670188,4,1,3,1,1,0,1,3.836698640240594,0.0,HighStudy,LowAttendance
1953,15,1,0,2,17.347092782307158,25,1,0,1,1,0,0,1.1799034066853449,4.0,HighStudy,HighAttendance
1957,18,1,0,3,19.41809422899739,3,1,2,0,0,0,0,3.045113482146093,1.0,HighStudy,LowAttendance
1959,16,1,0,3,13.629212250343423,18,1,3,1,0,0,0,1.7857607910876625,4.0,HighStudy,HighAttendance
1962,15,0,1,2,19.27635322376361,3,1,4,0,0,0,0,3.576909015459067,0.0,HighStudy,LowAttendance
1965,17,1,1,4,2.405419262572137,6,1,1,0,0,1,0,2.8066977641918256,2.0,LowStudy,LowAttendance
1966,15,0,0,2,14.070566803630609,2,1,2,1,0,0,0,3.421837670026282,1.0,HighStudy,LowAttendance
1970,17,1,0,2,0.4440562597570063,9,1,3,1,0,0,0,2.490220425623977,3.0,LowStudy,LowAttendance
1974,17,1,1,2,5.045056677103408,14,1,1,1,0,0,0,1.7359565115853166,4.0,LowStudy,LowAttendance
1975,18,0,0,2,10.684408198624949,23,1,1,1,0,0,0,1.254572618142762,4.0,HighStudy,HighAttendance
1976,16,1,0,1,16.476034998410757,14,1,2,0,0,0,0,1.9226882349760128,4.0,HighStudy,LowAttendance
1978,18,0,1,3,18.860414192914725,21,1,1,0,1,1,0,1.757523486205053,4.0,HighStudy,HighAttendance
1981,18,1,0,3,14.240159223963254,13,1,1,0,0,0,0,2.138772677122642,3.0,HighStudy,LowAttendance
1984,15,0,2,0,15.665801848777328,19,1,0,0,1,0,0,1.1921084719956991,4.0,HighStudy,HighAttendance
1989,16,0,0,1,7.526236339099952,7,1,2,0,1,0,0,3.009238322704304,1.0,LowStudy,LowAttendance
1991,16,0,0,0,1.0453733512319308,19,1,2,0,0,1,0,1.7473564518959883,4.0,LowStudy,HighAttendance
1995,18,0,0,3,16.320670046041368,26,1,2,0,0,0,0,0.7435923583787316,4.0,HighStudy,HighAttendance
1997,15,0,0,2,9.727832561777875,19,1,4,0,0,0,0,1.58646418895305,4.0,LowStudy,HighAttendance
1999,18,1,0,2,12.761854515929048,9,1,3,0,0,1,0,2.629211521173767,2.0,HighStudy,LowAttendance
2000,17,0,2,1,5.763042715548061,16,1,2,1,1,0,0,1.836642800001118,4.0,LowStudy,HighAttendance
2001,16,1,2,0,4.720158606474241,16,1,3,1,0,1,0,1.834359140428028,4.0,LowStudy,HighAttendance
2002,17,1,0,3,14.610293080526532,16,1,3,0,0,0,1,1.7660559772918876,4.0,HighStudy,HighAttendance
2004,15,0,3,3,1.8953694206918792,16,1,2,0,0,0,0,1.263890771933725,4.0,LowStudy,HighAttendance
2014,17,0,2,4,7.296361926157138,21,1,2,0,0,0,0,1.4890630202510051,4.0,LowStudy,HighAttendance
2015,15,1,2,4,17.467829158184387,19,1,1,0,1,0,0,1.6833300315712254,4.0,HighStudy,HighAttendance
2016,16,1,3,1,7.899805410980649,21,1,4,1,0,0,0,1.921942133736121,4.0,LowStudy,HighAttendance
2019,18,1,0,1,7.555936478188229,22,1,0,0,0,0,0,0.9689861311254953,4.0,LowStudy,HighAttendance
2020,15,0,0,3,6.333687120338521,8,1,2,1,0,0,0,2.686144990139594,2.0,LowStudy,LowAttendance
2021,17,1,0,1,13.54607918596282,2,1,3,1,1,0,0,3.520612391633881,0.0,HighStudy,LowAttendance
2024,16,0,1,4,1.317843300639454,0,1,2,0,0,1,0,3.5921289778598062,0.0,LowStudy,LowAttendance
2027,16,1,0,1,18.738985078173908,12,1,2,0,1,0,0,2.366010872187284,3.0,HighStudy,LowAttendance
2028,17,0,0,4,7.545039714313908,18,1,4,1,0,1,0,2.434934378846439,3.0,LowStudy,HighAttendance
2031,17,0,2,0,2.5406715194646345,14,1,3,0,1,1,0,2.574449970243328,2.0,LowStudy,LowAttendance
2033,15,0,2,1,6.1082699708550265,24,1,3,1,0,1,0,1.586289237455222,4.0,LowStudy,HighAttendance
2034,16,1,1,2,3.1532205359381598,13,1,0,0,1,0,0,2.058575292693283,3.0,LowStudy,LowAttendance
2035,15,1,1,3,3.480208960322484,1,1,1,0,0,0,0,3.1296400506375512,1.0,LowStudy,LowAttendance
2036,16,0,1,2,15.215186167739,6,1,4,1,1,0,0,3.539198711532371,0.0,HighStudy,LowAttendance
2043,17,1,2,2,5.902177203685706,27,1,2,1,1,1,0,0.8375123196439725,4.0,LowStudy,HighAttendance
2051,16,0,0,2,7.190862890400069,10,1,2,0,0,0,0,2.182795221152233,3.0,LowStudy,LowAttendance
2052,15,1,3,2,2.5160467269210263,14,1,3,1,0,0,0,2.2538711785078176,3.0,LowStudy,LowAttendance
2053,17,1,3,3,11.78663289895456,12,1,1,1,0,0,0,2.2540200372432717,3.0,HighStudy,LowAttendance
2060,18,0,1,0,10.9604299445827,8,1,2,1,0,1,0,3.0549241250380565,1.0,HighStudy,LowAttendance
2065,16,0,1,1,14.203465331803214,8,1,0,1,0,1,0,2.4222306855709315,3.0,HighStudy,LowAttendance
2071,15,1,1,2,4.322716246218414,3,1,2,0,0,1,0,3.4632393046516823,1.0,LowStudy,LowAttendance
2072,16,1,1,2,11.817438459485173,24,1,3,1,1,0,0,1.442868859303521,4.0,HighStudy,HighAttendance
2073,16,1,0,1,18.26411923628345,29,1,3,0,0,0,0,0.9131278090050235,4.0,HighStudy,HighAttendance
2077,16,0,2,2,0.2134025401232553,23,1,2,0,1,0,0,0.875367123899009,4.0,LowStudy,HighAttendance
2078,15,0,0,2,12.454825527549552,23,1,2,0,1,0,0,1.4490003209615303,4.0,HighStudy,HighAttendance
2079,16,1,0,0,8.25678795517813,6,1,2,0,0,1,0,3.0811935547787432,1.0,LowStudy,LowAttendance
2086,15,0,1,2,3.669157695177301,11,1,2,0,0,0,0,1.6848422066992197,4.0,LowStudy,LowAttendance
2091,18,0,0,2,13.142376781225469,27,1,4,0,1,0,0,0.9636319307546236,4.0,HighStudy,HighAttendance
2094,17,0,1,2,13.920628139782274,23,1,2,1,0,0,0,1.3543270341452454,4.0,HighStudy,HighAttendance
2097,16,1,0,1,1.3929173549653129,3,1,2,1,0,0,0,3.358694269179903,1.0,LowStudy,LowAttendance
2098,16,1,0,2,11.778720451250956,20,1,3,0,0,0,0,1.76569517319031,4.0,HighStudy,HighAttendance
2102,16,1,2,2,8.448915800617582,20,1,2,1,0,0,0,1.7207596503292208,4.0,LowStudy,HighAttendance
2104,15,0,0,3,0.5289380519533493,15,1,2,0,0,0,0,1.441918756451196,4.0,LowStudy,LowAttendance
2105,16,1,2,3,6.711144033933143,19,1,3,1,0,0,1,1.6209212385063754,4.0,LowStudy,HighAttendance
2106,18,0,2,2,19.520403150489884,23,1,3,1,1,0,0,2.1962173498725552,3.0,HighStudy,HighAttendance
2110,17,0,2,1,16.94593491070988,15,1,3,1,0,0,0,2.385530670601707,3.0,HighStudy,LowAttendance
2120,16,0,0,1,16.828795199124894,28,1,2,0,0,0,0,0.7975176691622691,4.0,HighStudy,HighAttendance
2121,16,0,3,0,12.353891723771817,6,1,3,1,1,0,0,3.52093145282294,0.0,HighStudy,LowAttendance
2124,17,0,3,2,16.57060519163017,18,1,3,0,1,0,0,2.4118406224250792,3.0,HighStudy,HighAttendance
2130,16,0,0,2,4.0227308518075455,19,1,1,1,0,0,0,0.8765441058695893,4.0,LowStudy,HighAttendance
2131,16,1,0,2,3.57257753508599,14,1,2,1,1,0,0,2.051919032041663,3.0,LowStudy,LowAttendance
2138,16,1,0,4,12.102032444743012,18,1,4,0,0,0,0,2.068111784968204,3.0,HighStudy,HighAttendance
2140,15,1,2,2,5.973443147750994,8,1,1,0,1,0,0,2.4821724081876124,3.0,LowStudy,LowAttendance
2145,18,0,0,2,2.618625042535549,18,1,4,0,1,0,0,1.9225913490306887,4.0,LowStudy,HighAttendance
2152,15,1,0,2,18.061950140986195,7,1,2,0,0,1,0,2.942198841728139,2.0,HighStudy,LowAttendance
2153,18,0,2,2,17.284612045231142,5,1,2,0,0,1,0,3.1794507681007715,1.0,HighStudy,LowAttendance
2158,15,1,1,1,8.63610201571824,6,1,2,0,0,0,1,2.917010983412451,2.0,LowStudy,LowAttendance
2159,18,0,2,0,15.716169684887,9,1,2,0,1,0,0,3.1844421071087297,1.0,HighStudy,LowAttendance
2162,15,1,1,1,9.727442016502952,6,1,1,0,0,0,0,2.23946398594873,3.0,LowStudy,LowAttendance
2163,16,1,0,1,9.25238543867459,21,1,3,0,0,0,0,1.7511633575642405,4.0,LowStudy,HighAttendance
2167,15,1,0,1,3.595956269901508,2,1,0,0,0,0,0,2.6440598613135307,2.0,LowStudy,LowAttendance
2169,17,1,0,2,19.36145005819357,14,1,1,0,0,0,0,2.4400605261033226,3.0,HighStudy,LowAttendance
2173,17,0,0,1,9.3571892526832,12,1,1,1,0,0,0,2.303453349269981,3.0,LowStudy,LowAttendance
2175,15,0,1,2,16.600653672561492,20,1,2,0,1,0,0,1.6853891464062594,4.0,HighStudy,HighAttendance
2177,17,1,2,2,17.048777712837463,0,1,2,0,0,0,0,3.496776544580716,1.0,HighStudy,LowAttendance
2178,18,1,2,3,10.968018734838234,3,1,1,0,0,1,0,3.361230858272882,1.0,HighStudy,LowAttendance
2180,17,1,1,2,6.345104328994,7,1,2,0,0,1,1,2.6404761356980795,2.0,LowStudy,LowAttendance
2184,18,0,0,0,3.1707231699984706,10,1,2,0,0,1,0,2.4190289368571505,3.0,LowStudy,LowAttendance
2185,18,1,0,3,16.253860867515648,19,1,3,1,0,0,0,2.13144706871876,3.0,HighStudy,HighAttendance
2187,18,1,2,2,4.667925389162539,20,1,3,0,0,0,1,1.5095198602197917,4.0,LowStudy,HighAttendance
2189,17,0,0,3,10.34241776226661,26,1,0,0,0,0,0,0.5964170171485198,4.0,HighStudy,HighAttendance
2197,16,0,0,2,7.937787861780792,7,1,2,1,0,0,0,2.9545340837691567,2.0,LowStudy,LowAttendance
2199,17,0,3,4,11.614742795947038,18,1,1,0,0,0,0,1.1414565556036804,4.0,HighStudy,HighAttendance
2203,18,0,0,2,11.51002036938118,19,1,1,0,0,0,0,1.201444582455696,4.0,HighStudy,HighAttendance
2204,16,0,1,3,8.46877609799585,8,1,2,1,1,1,1,2.901185606881623,2.0,LowStudy,LowAttendance
2209,15,0,0,2,5.158790135738012,14,1,0,0,0,1,1,1.4152214905212377,4.0,LowStudy,LowAttendance
2212,18,1,0,2,6.664834811014552,20,1,2,1,0,0,1,1.382935704905427,4.0,LowStudy,HighAttendance
2213,16,1,0,2,11.900926898475223,19,1,2,0,1,0,0,1.8638998217614855,4.0,HighStudy,HighAttendance
2219,15,0,1,3,15.763195762714128,6,1,1,0,0,0,0,3.1312358848124213,1.0,HighStudy,LowAttendance
2220,17,0,0,2,14.082087215432736,1,1,4,0,1,0,0,3.7702839726154447,0.0,HighStudy,LowAttendance
2236,18,0,2,0,19.61296439128099,2,1,0,1,0,0,0,3.515415829646008,0.0,HighStudy,LowAttendance
2241,15,0,0,0,15.508190291849893,7,1,3,0,1,0,0,3.159302938456266,1.0,HighStudy,LowAttendance
2242,18,1,0,1,11.413663501439572,21,1,4,0,0,1,0,1.994611703201556,4.0,HighStudy,HighAttendance
2251,17,0,0,2,2.337575211818781,0,1,3,0,0,0,0,3.2152726848869184,1.0,LowStudy,LowAttendance
2256,16,0,0,3,11.75406456682953,4,1,2,0,0,0,0,3.168988610106379,1.0,HighStudy,LowAttendance
2258,17,0,3,1,17.248682602823138,26,1,3,1,0,0,0,1.1158787303056936,4.0,HighStudy,HighAttendance
2260,17,0,0,1,4.934948413347618,26,1,4,0,0,0,0,0.8897149150878433,4.0,LowStudy,HighAttendance
2261,17,1,2,2,9.001905371817188,2,1,3,1,1,0,0,3.984673602658726,0.0,LowStudy,LowAttendance
2264,17,1,0,2,8.278521161051778,12,1,1,1,1,1,0,2.71222974268319,2.0,LowStudy,LowAttendance
2273,17,0,1,2,2.349517977529858,6,1,3,1,0,0,0,2.5020091336326127,2.0,LowStudy,LowAttendance
2275,17,0,2,3,13.47033573634518,9,1,2,1,0,0,0,2.646556960552807,2.0,HighStudy,LowAttendance
2276,18,1,0,3,2.3002187365619564,28,1,0,0,0,0,0,0.3817684951501578,4.0,LowStudy,HighAttendance
2277,15,1,0,2,13.896414597434417,11,1,0,1,1,0,0,2.396139095071558,3.0,HighStudy,LowAttendance
2278,17,1,0,1,8.830945777596607,10,1,1,0,1,1,0,2.595648862597705,2.0,LowStudy,LowAttendance
2279,15,1,0,2,18.899695711116863,3,1,3,1,1,0,0,4.0,0.0,HighStudy,LowAttendance
2280,18,1,0,2,2.8322270123579862,18,1,4,1,0,0,0,1.4195226349555488,4.0,LowStudy,HighAttendance
2283,15,0,1,2,19.136293411817554,8,1,4,0,0,0,0,2.9289482377250686,2.0,HighStudy,LowAttendance
2285,17,1,0,1,19.243718189836,9,1,3,0,1,0,0,2.9995441039151167,2.0,HighStudy,LowAttendance
2286,16,1,0,1,18.02971702201498,4,1,1,1,0,0,0,3.055386295398076,1.0,HighStudy,LowAttendance
2288,16,0,0,1,16.070835536528556,12,1,2,0,1,0,1,2.745858798383193,2.0,HighStudy,LowAttendance
2296,16,1,0,1,5.638737686835169,11,1,2,0,1,0,0,2.1431050688591977,3.0,LowStudy,LowAttendance
2300,16,1,1,1,14.098222654626722,8,1,2,1,0,0,0,2.809833207494068,2.0,HighStudy,LowAttendance
2301,17,0,2,1,1.7040095511932396,1,1,2,0,0,0,0,2.997505608420635,2.0,LowStudy,LowAttendance
2304,16,0,0,1,19.124423472872557,29,1,3,1,1,0,0,1.6230040750090506,4.0,HighStudy,HighAttendance
2309,15,0,1,1,14.411728387412747,10,1,3,1,0,0,0,2.759014343384976,2.0,HighStudy,LowAttendance
2313,15,0,3,0,4.631659825779988,6,1,2,0,0,1,0,2.611688472593835,2.0,LowStudy,LowAttendance
2314,15,0,2,3,3.624360872272345,15,1,4,0,0,1,0,2.197776727185656,3.0,LowStudy,LowAttendance
2315,16,0,2,1,16.20606598246665,0,1,3,1,0,0,0,3.3355067927178226,1.0,HighStudy,LowAttendance
2318,18,0,3,2,18.77156479172066,10,1,3,0,0,0,0,2.561964556788972,2.0,HighStudy,LowAttendance
2320,17,0,2,3,19.55986847476469,19,1,2,0,0,0,0,1.497673654260138,4.0,HighStudy,HighAttendance
2324,16,1,0,0,6.322097758817913,8,1,2,0,0,0,0,2.4352442824022056,3.0,LowStudy,LowAttendance
2325,15,1,0,1,8.489856653530703,25,1,4,1,0,0,0,1.283227506286419,4.0,LowStudy,HighAttendance
2328,15,1,0,1,19.44459418432715,29,1,4,1,0,1,0,1.584478764070205,4.0,HighStudy,HighAttendance
2330,15,0,2,2,14.666558174337244,27,1,2,1,0,0,0,1.2072685461345751,4.0,HighStudy,HighAttendance
2340,16,1,3,4,5.044048043186617,25,1,2,1,0,0,0,0.886889415770466,4.0,LowStudy,HighAttendance
2345,17,0,1,1,9.04646955268592,20,1,3,0,0,0,0,1.671968652950504,4.0,LowStudy,HighAttendance
2347,17,0,2,1,3.135258951985893,21,1,3,0,1,0,1,1.6433737595842497,4.0,LowStudy,HighAttendance
2351,18,0,2,0,8.882260103508129,25,1,1,0,0,0,0,0.7095708392685087,4.0,LowStudy,HighAttendance
2352,18,0,0,1,15.627124367904006,14,1,1,1,0,0,1,1.748279682449194,4.0,HighStudy,LowAttendance
2354,16,0,0,3,12.7031397772787,16,1,1,0,0,0,1,1.934935784062694,4.0,HighStudy,HighAttendance
2356,18,1,0,3,0.3606401965046002,19,1,1,0,0,0,0,0.7303661593128756,4.0,LowStudy,HighAttendance
2360,17,0,3,3,6.477911051607583,24,1,0,0,0,0,0,0.8419632253726905,4.0,LowStudy,HighAttendance
2361,16,0,0,2,2.725011301839557,7,1,2,0,0,0,0,2.584174278596964,2.0,LowStudy,LowAttendance
2362,16,0,1,1,17.751261436323826,4,1,3,1,0,0,0,3.3721260428259656,1.0,HighStudy,LowAttendance
2363,15,1,0,2,9.41524784775206,5,1,1,0,0,0,0,3.060805402033993,1.0,LowStudy,LowAttendance
2365,18,0,0,2,11.717042448663369,19,1,2,0,0,0,0,1.3492561219436314,4.0,HighStudy,HighAttendance
2366,16,1,0,3,13.483842332300016,29,1,4,1,0,0,0,1.1179648263826585,4.0,HighStudy,HighAttendance
2370,16,1,2,0,10.27266767857302,10,1,1,0,1,0,1,2.702638340113748,2.0,HighStudy,LowAttendance
2371,17,0,1,1,16.060910493517596,5,1,1,1,0,0,0,2.964009263152522,2.0,HighStudy,LowAttendance
2372,17,1,0,0,7.473005927459684,10,1,2,0,1,0,0,2.267458131705519,3.0,LowStudy,LowAttendance
2373,18,0,0,2,7.762429135369942,12,1,1,1,0,0,0,1.7536230683511045,4.0,LowStudy,LowAttendance
2374,16,0,0,2,1.913802321160023,11,1,1,0,1,0,0,2.0232340815930123,3.0,LowStudy,LowAttendance
2375,17,1,1,1,18.291688704434957,21,1,2,0,0,0,0,1.6780125322160857,4.0,HighStudy,HighAttendance
2376,15,0,0,3,1.8207262989088344,1,1,3,0,1,1,0,3.659836405312248,0.0,LowStudy,LowAttendance
2380,16,1,3,1,13.59103673145368,3,1,2,0,1,0,1,3.3839114785072537,1.0,HighStudy,LowAttendance
2395,15,0,1,1,7.863408691285283,28,1,2,1,0,0,0,0.7852135676838187,4.0,LowStudy,HighAttendance
2405,16,0,1,1,5.399472737109241,17,1,1,0,0,1,0,1.7179959243485303,4.0,LowStudy,HighAttendance
2407,16,0,0,2,17.700306490945174,16,1,2,0,1,1,0,2.4349505569398877,3.0,HighStudy,HighAttendance
2411,18,1,2,2,17.471506115194686,20,1,3,0,0,0,0,2.020741651591236,3.0,HighStudy,HighAttendance
2416,18,1,0,0,0.1907790805108988,1,1,1,1,1,0,0,3.055253981943473,1.0,LowStudy,LowAttendance
2424,17,1,1,1,13.107663989269064,20,1,1,0,0,0,0,1.5767564705892163,4.0,HighStudy,HighAttendance
2426,16,1,2,0,14.28306292784348,13,1,1,0,0,0,0,1.8800650933404628,4.0,HighStudy,LowAttendance
2430,17,1,0,1,8.160401825701623,5,1,0,0,0,0,0,2.5844682625115074,2.0,LowStudy,LowAttendance
2434,18,1,0,1,17.54978483462976,25,1,2,1,0,0,0,1.2705295622953123,4.0,HighStudy,HighAttendance
2438,15,1,0,2,2.121840998959041,14,1,2,0,1,0,0,1.8714659014427095,4.0,LowStudy,LowAttendance
2439,18,1,0,1,4.661063759697173,19,1,2,0,0,0,0,1.074937388775604,4.0,LowStudy,HighAttendance
2442,16,1,0,2,1.95414550773517,29,1,4,0,0,0,0,0.5403751565523403,4.0,LowStudy,HighAttendance
2443,18,0,0,1,0.2999700075427336,27,1,3,0,0,0,0,0.3418223884177119,4.0,LowStudy,HighAttendance
2445,17,0,3,2,19.92025566764497,12,1,3,0,0,0,0,2.504167767054588,2.0,HighStudy,LowAttendance
2448,18,1,1,3,16.96835452861022,1,1,0,0,1,0,0,3.408489770633043,1.0,HighStudy,LowAttendance
2450,18,0,0,1,12.08977964516919,14,1,0,0,1,0,1,2.029736582447598,3.0,HighStudy,LowAttendance
2453,18,1,0,2,5.669222985281584,24,1,1,0,0,1,0,0.7540357233429884,4.0,LowStudy,HighAttendance
2456,15,1,1,3,4.429870977192801,5,1,3,1,1,0,1,3.107348400568035,1.0,LowStudy,LowAttendance
2459,16,1,0,2,5.783863039317394,22,1,4,1,0,0,0,1.3068680389383789,4.0,LowStudy,HighAttendance
2461,15,0,1,2,16.007283769106905,29,1,0,0,1,1,0,0.6819561389075344,4.0,HighStudy,HighAttendance
2462,15,0,3,2,9.14047904385251,5,1,3,0,0,0,0,2.81858182437894,2.0,LowStudy,LowAttendance
2465,17,1,0,2,16.543162968552465,8,1,1,1,0,0,0,2.9268204402631444,2.0,HighStudy,LowAttendance
2471,15,0,0,2,8.802415419698724,1,1,1,1,0,1,0,3.30737811355316,1.0,LowStudy,LowAttendance
2472,16,1,0,2,1.8227467817941445,15,1,1,0,0,0,0,1.6109406825598966,4.0,LowStudy,LowAttendance
2477,17,1,1,1,4.555566832356028,13,1,2,1,0,1,0,2.259451153743707,3.0,LowStudy,LowAttendance
2478,18,1,0,3,11.677165346160308,1,1,2,0,0,0,0,3.454462459935305,1.0,HighStudy,LowAttendance
2479,16,1,0,1,7.42926678668943,15,1,3,1,0,0,0,2.158610170146598,3.0,LowStudy,LowAttendance
2485,17,0,0,1,8.674474056628421,13,1,3,0,0,1,0,2.3345256438757365,3.0,LowStudy,LowAttendance
2486,17,0,2,2,8.241872192650783,7,1,3,0,0,0,0,2.8447322620424904,2.0,LowStudy,LowAttendance
2487,17,1,1,1,0.7122430054568296,24,1,2,1,0,0,0,0.9722477384320642,4.0,LowStudy,HighAttendance
2488,15,0,0,3,9.959526051747863,27,1,3,0,0,0,1,0.8563970426697209,4.0,LowStudy,HighAttendance
2494,16,1,3,1,16.214609304608253,25,1,2,0,1,0,0,1.3154643711031746,4.0,HighStudy,HighAttendance
2502,16,0,0,2,14.198661468684923,23,1,1,0,0,0,0,0.8939860125136853,4.0,HighStudy,HighAttendance
2506,17,0,2,2,16.163140980484254,7,1,4,0,0,0,0,3.161961511352394,1.0,HighStudy,LowAttendance
2508,16,0,2,1,12.12433284441532,0,1,1,1,0,1,0,3.7326847011603697,0.0,HighStudy,LowAttendance
2509,18,1,0,4,6.738438261534911,13,1,2,0,1,0,0,2.109686328016939,3.0,LowStudy,LowAttendance
2510,18,0,0,1,11.709718766300712,5,1,3,0,0,0,0,2.546634577748015,2.0,HighStudy,LowAttendance
2516,16,0,0,1,13.165675668523146,5,1,3,0,0,1,0,3.102745561433283,1.0,HighStudy,LowAttendance
2517,17,0,1,2,5.276121498927151,15,1,4,1,0,0,0,2.432896398351312,3.0,LowStudy,LowAttendance
2520,15,1,0,2,12.11518978717944,27,1,4,0,1,1,0,1.3649825214589588,4.0,HighStudy,HighAttendance
2524,15,1,0,1,11.468032517954075,14,1,2,0,0,0,1,2.134832886078039,3.0,HighStudy,LowAttendance
2526,17,1,0,3,16.567562912032926,2,1,2,1,0,0,0,3.354368116289429,1.0,HighStudy,LowAttendance
2533,16,1,3,2,1.3559279165622518,3,1,2,0,0,1,1,2.943750197817776,2.0,LowStudy,LowAttendance
2535,17,0,1,2,16.119402573419077,18,1,3,0,0,0,0,1.844059263528674,4.0,HighStudy,HighAttendance
2536,16,0,1,0,5.789957302394393,11,1,0,1,0,0,0,1.899197563198893,4.0,LowStudy,LowAttendance
2537,15,0,1,2,13.282514785667008,1,1,2,0,0,0,0,3.3788457271666,1.0,HighStudy,LowAttendance
2538,16,1,0,2,8.531838021087868,16,1,2,0,0,0,1,1.666640097790168,4.0,LowStudy,HighAttendance
2541,17,0,1,0,10.508639966192844,15,1,2,0,0,0,1,2.042537978504808,3.0,HighStudy,LowAttendance
2542,17,1,0,1,13.83011091627189,21,1,3,0,1,0,0,1.4874769372990635,4.0,HighStudy,HighAttendance
2543,18,0,0,4,17.66699402044208,8,1,2,0,1,0,1,2.8739722821184617,2.0,HighStudy,LowAttendance
2547,18,0,0,0,4.401325095693835,2,1,2,0,0,1,1,3.3633891187265865,1.0,LowStudy,LowAttendance
2553,17,0,0,1,7.119367816644731,27,1,4,0,1,0,0,0.9620724862919864,4.0,LowStudy,HighAttendance
2554,18,1,0,1,5.68208298454866,11,1,4,1,0,0,0,2.310235179366311,3.0,LowStudy,LowAttendance
2557,16,0,0,1,5.041397737003431,6,1,2,1,0,0,1,2.7671513375162338,2.0,LowStudy,LowAttendance
2559,17,0,0,2,7.717188936722181,20,1,2,1,1,0,0,1.5364194793970165,4.0,LowStudy,HighAttendance
2563,18,1,0,1,1.7965150514416806,11,1,2,0,0,0,1,1.7980154436118352,4.0,LowStudy,LowAttendance
2583,15,1,0,1,4.197856846099944,1,1,2,0,0,0,0,2.9240321151586275,2.0,LowStudy,LowAttendance
2584,18,0,3,1,9.837519189216476,10,1,3,0,0,0,1,2.2887682028383933,3.0,LowStudy,LowAttendance
2587,15,0,0,2,10.463162996352832,27,1,0,1,0,0,0,0.654489820899693,4.0,HighStudy,HighAttendance
2588,15,1,0,1,17.972778566022065,21,1,4,0,0,1,0,1.8262650784023136,4.0,HighStudy,HighAttendance
2595,18,1,0,4,5.0944100091509785,6,1,3,0,0,0,0,2.527606693940515,2.0,LowStudy,LowAttendance
2604,15,1,0,2,6.779398523456428,3,1,4,0,0,0,0,3.58344760514376,0.0,LowStudy,LowAttendance
2613,18,1,0,2,1.7554582824688114,5,1,2,1,0,0,0,2.539771016481107,2.0,LowStudy,LowAttendance
2617,17,1,1,2,2.813066784673335,2,1,1,0,0,0,0,3.033291953501386,1.0,LowStudy,LowAttendance
2620,15,0,0,3,8.070972416273767,29,1,3,1,1,0,0,1.164702428020536,4.0,LowStudy,HighAttendance
2624,18,1,0,1,9.532409126210808,5,1,0,0,0,0,0,2.7577979305655766,2.0,LowStudy,LowAttendance
2625,16,1,2,2,15.272305979233137,28,1,3,0,0,0,0,0.3478369759058787,4.0,HighStudy,HighAttendance
2626,17,0,2,3,5.16528715774327,19,1,3,0,0,0,0,1.676727436835331,4.0,LowStudy,HighAttendance
2627,15,0,0,0,9.615723363594546,26,1,2,1,0,0,0,0.5742779997538898,4.0,LowStudy,HighAttendance
2628,15,1,0,1,19.840319387936717,10,1,3,0,1,1,1,3.103994380105366,1.0,HighStudy,LowAttendance
2630,16,0,0,1,16.827135426103972,17,1,3,0,0,1,0,2.1275892967469687,3.0,HighStudy,HighAttendance
2635,15,0,0,2,4.061411858401243,26,1,2,0,0,0,0,0.7716774917459892,4.0,LowStudy,HighAttendance
2639,15,0,1,0,13.092423870309258,13,1,1,0,0,0,0,1.5956273665141478,4.0,HighStudy,LowAttendance
2646,17,1,2,2,19.85607956372029,23,1,1,1,0,0,0,1.391431871322012,4.0,HighStudy,HighAttendance
2654,17,0,0,1,5.24225944033593,15,1,2,1,0,0,0,1.7946671055341392,4.0,LowStudy,LowAttendance
2661,17,0,2,2,10.061366452640565,7,1,3,1,0,0,0,2.735960967147571,2.0,HighStudy,LowAttendance
2664,17,0,0,2,0.9831704724285516,6,1,1,0,0,0,0,2.573440474302304,2.0,LowStudy,LowAttendance
2666,16,0,0,2,17.07259857055914,24,1,0,0,0,0,0,0.8026478062416247,4.0,HighStudy,HighAttendance
2670,18,0,0,1,14.649092582674594,14,1,2,0,0,0,0,2.401469995162927,3.0,HighStudy,LowAttendance
2671,16,1,2,3,18.66226442337306,24,1,2,1,0,1,0,1.2658914451513914,4.0,HighStudy,HighAttendance
2681,18,0,1,3,4.285436186205192,29,1,2,0,1,0,0,0.3979893966925436,4.0,LowStudy,HighAttendance
2682,16,0,1,0,1.2898136091169254,9,1,1,0,0,0,0,2.0645643026074056,3.0,LowStudy,LowAttendance
2684,15,0,1,0,12.440589585040184,13,1,1,0,1,0,0,1.920609662813219,4.0,HighStudy,LowAttendance
2686,15,0,0,2,16.3420426600523,21,1,1,0,1,0,0,1.2720101075733885,4.0,HighStudy,HighAttendance
2689,15,0,1,2,0.2551295941486109,8,1,3,1,0,1,1,2.567031802833057,2.0,LowStudy,LowAttendance
2691,16,0,1,2,8.359984338407031,8,1,3,1,0,1,0,2.801388938876275,2.0,LowStudy,LowAttendance
2692,16,0,2,3,11.31114966452774,12,1,2,0,0,0,1,1.813628891214413,4.0,HighStudy,LowAttendance
2693,18,0,0,2,12.981612040377687,4,1,2,1,0,0,0,3.3432781941994127,1.0,HighStudy,LowAttendance
2697,15,1,2,2,13.430236145620748,7,1,0,0,0,1,1,2.7725493723030685,2.0,HighStudy,LowAttendance
2704,17,0,0,1,4.286001446457572,14,1,2,1,1,1,0,2.248337588471201,3.0,LowStudy,LowAttendance
2706,18,1,0,2,8.858281960839271,0,1,4,1,0,0,0,4.0,0.0,LowStudy,LowAttendance
2712,15,1,0,1,13.962338481670471,29,1,3,0,0,0,0,0.8752010880422385,4.0,HighStudy,HighAttendance
2716,18,1,0,2,16.635706003703184,24,1,4,0,1,0,0,1.580398635704129,4.0,HighStudy,HighAttendance
2720,15,1,1,0,2.8008962426845807,21,1,4,0,1,0,1,1.621772736089614,4.0,LowStudy,HighAttendance
2724,16,0,0,3,18.867145974197637,21,1,2,1,0,0,0,1.5812038761627714,4.0,HighStudy,HighAttendance
2726,16,0,0,2,18.251684358496465,18,1,2,1,0,0,0,1.886578592822845,4.0,HighStudy,HighAttendance
2730,16,0,1,2,12.535676341036892,24,1,2,0,0,1,0,1.3440857175872982,4.0,HighStudy,HighAttendance
2732,17,1,3,1,12.57442774051164,0,1,3,1,0,0,0,3.8302053754229743,0.0,HighStudy,LowAttendance
2734,18,0,1,2,19.728280369657774,6,1,1,0,1,1,0,3.320316974439931,1.0,HighStudy,LowAttendance
2749,17,1,0,3,3.1500109615160765,25,1,3,0,0,0,0,0.9252693613945324,4.0,LowStudy,HighAttendance
2750,17,1,0,0,11.886634678531916,17,1,3,0,0,1,0,1.8425841347566336,4.0,HighStudy,HighAttendance
2764,17,1,0,2,6.267388128607159,12,1,2,0,0,0,1,2.262147696008476,3.0,LowStudy,LowAttendance
2765,15,1,1,1,9.247228944954784,21,1,2,0,1,0,0,1.4550854526151875,4.0,LowStudy,HighAttendance
2774,18,0,0,0,11.539183002419582,24,1,1,0,0,0,0,0.9023572553597988,4.0,HighStudy,HighAttendance
2775,17,1,0,2,5.490891694808893,8,1,3,0,0,0,1,2.421061773387504,3.0,LowStudy,LowAttendance
2779,18,1,0,1,6.78406862543836,8,1,3,0,0,1,0,2.902602512683793,2.0,LowStudy,LowAttendance
2780,18,0,3,2,6.453674141556405,23,1,2,0,1,0,0,1.3486070016063347,4.0,LowStudy,HighAttendance
2781,16,1,0,1,12.89812647729834,20,1,1,0,0,1,0,1.35114105198072,4.0,HighStudy,HighAttendance
2783,18,1,2,2,12.183907827866523,13,1,4,1,0,1,0,2.993214464144568,2.0,HighStudy,LowAttendance
2785,17,0,1,1,5.291942237620599,20,1,3,1,0,1,0,1.653099762097065,4.0,LowStudy,HighAttendance
2786,18,0,2,2,10.390037095299622,15,1,4,0,1,0,1,2.136285525349759,3.0,HighStudy,LowAttendance
2789,15,0,0,0,11.136242862814802,24,1,0,0,0,0,0,0.6901567908276482,4.0,HighStudy,HighAttendance
2803,17,0,1,2,12.875412162024894,27,1,1,0,0,0,0,0.7408967018564105,4.0,HighStudy,HighAttendance
2805,15,0,0,1,15.097450578171212,25,1,2,1,0,0,0,0.8952499802854423,4.0,HighStudy,HighAttendance
2807,18,0,0,2,12.74890757435804,7,1,3,0,1,0,0,3.01480253360998,1.0,HighStudy,LowAttendance
2815,18,1,1,3,5.043639636385389,29,1,2,1,0,0,0,0.2109791787447653,4.0,LowStudy,HighAttendance
2820,17,1,1,3,10.298589907849657,11,1,0,1,0,0,0,2.295213477500577,3.0,HighStudy,LowAttendance
2821,17,0,1,2,3.3074085102637185,26,1,2,1,1,0,0,0.84069094147179,4.0,LowStudy,HighAttendance
2822,17,0,0,1,19.55425625651,20,1,3,0,1,0,0,2.131628504443662,3.0,HighStudy,HighAttendance
2823,18,0,1,1,2.1584910992998774,29,1,3,1,1,1,1,0.9922965742511932,4.0,LowStudy,HighAttendance
2827,16,1,1,3,14.498205436721689,27,1,0,0,0,0,0,0.1306542378736745,4.0,HighStudy,HighAttendance
2828,18,1,0,2,8.720965959451757,5,1,3,1,0,0,0,3.3627162150851144,1.0,LowStudy,LowAttendance
2831,16,0,2,1,6.023180395708907,17,1,2,0,0,0,1,1.8154017176022967,4.0,LowStudy,HighAttendance
2833,18,1,1,1,9.962593483679608,28,1,1,0,1,0,0,0.0,4.0,LowStudy,HighAttendance
2840,15,0,1,2,1.4849371866109151,18,1,3,1,1,0,0,1.763324115898465,4.0,LowStudy,HighAttendance
2842,16,1,3,1,16.25856810787874,24,1,2,1,0,0,0,1.513660412883276,4.0,HighStudy,HighAttendance
2844,17,1,0,2,13.178855878694854,4,1,2,0,0,0,0,3.112170722339197,1.0,HighStudy,LowAttendance
2849,15,1,1,2,10.352778713788693,15,1,1,1,0,0,0,2.340811012860678,3.0,HighStudy,LowAttendance
2852,15,0,0,1,2.2906573665269647,19,1,4,0,0,0,0,1.501240091930044,4.0,LowStudy,HighAttendance
2854,15,0,3,2,8.511117553934351,0,1,3,0,1,0,0,3.823801327886915,0.0,LowStudy,LowAttendance
2856,16,0,0,2,14.204196966325298,2,1,3,0,1,0,0,3.5326403833692965,0.0,HighStudy,LowAttendance
2858,15,0,3,2,16.66548610057515,22,1,4,0,0,0,0,1.960538709128941,4.0,HighStudy,HighAttendance
2866,16,1,0,3,6.325846974512488,18,1,0,0,0,1,0,1.2615877089185958,4.0,LowStudy,HighAttendance
2868,15,0,0,3,5.136631491341173,22,1,2,0,0,0,1,0.6754583905284621,4.0,LowStudy,HighAttendance
2871,17,0,0,1,7.944550591324651,6,1,4,0,0,0,0,3.427620857629511,1.0,LowStudy,LowAttendance
2872,15,0,0,2,11.426400308662055,3,1,3,0,0,0,0,3.2485727923536656,1.0,HighStudy,LowAttendance
2881,16,1,0,3,17.182607195024666,19,1,1,0,0,0,0,1.8933444720314547,4.0,HighStudy,HighAttendance
2882,16,1,0,2,4.567112283576953,7,1,2,1,0,1,0,2.882958070804152,2.0,LowStudy,LowAttendance
2886,16,1,0,1,17.053323062034412,21,1,2,0,0,0,0,1.7087987708583718,4.0,HighStudy,HighAttendance
2892,16,1,0,3,10.10056092297534,14,1,1,0,0,0,0,1.9146018444641888,4.0,HighStudy,LowAttendance
2900,16,1,0,1,14.81559734321345,5,1,3,0,0,0,1,3.219685483262613,1.0,HighStudy,LowAttendance
2901,18,1,1,2,15.683743584641592,1,1,4,0,1,0,0,3.9514599508156745,0.0,HighStudy,LowAttendance
2903,15,0,0,1,14.452234496688993,3,1,3,1,0,0,0,3.5617432680571097,0.0,HighStudy,LowAttendance
2904,15,1,0,1,4.090086773855917,20,1,3,0,0,0,0,1.36108822691039,4.0,LowStudy,HighAttendance
2909,16,1,0,2,6.587070484999094,27,1,3,1,0,0,1,0.8758837048232606,4.0,LowStudy,HighAttendance
2917,18,1,2,2,9.75753211996119,6,1,4,0,1,0,0,3.207819245384204,1.0,LowStudy,LowAttendance
2918,16,0,2,2,14.043286572966249,7,1,0,0,0,0,0,2.553484846074773,2.0,HighStudy,LowAttendance
2919,17,0,0,1,10.264399516556376,8,1,3,1,1,0,0,3.128858646003016,1.0,HighStudy,LowAttendance
2920,15,0,3,1,17.442121274931623,1,1,1,1,1,0,0,4.0,0.0,HighStudy,LowAttendance
2921,17,1,0,2,5.778740333151653,16,1,0,0,0,0,1,1.357062701404827,4.0,LowStudy,HighAttendance
2927,15,1,0,0,6.486273277511612,16,1,2,0,0,1,0,2.0972515782565893,3.0,LowStudy,HighAttendance
2932,18,1,0,2,16.224611168027156,14,1,2,0,1,0,0,2.0845477071034386,3.0,HighStudy,LowAttendance
2936,18,1,3,1,10.55544418137754,3,1,3,0,0,0,0,3.4713372144944583,1.0,HighStudy,LowAttendance
2939,16,0,0,3,6.517802867872855,2,1,2,0,1,0,0,3.4745618447603603,1.0,LowStudy,LowAttendance
2943,16,1,0,1,18.755291186364484,5,1,2,1,0,0,0,3.099064650031246,1.0,HighStudy,LowAttendance
2957,16,1,2,1,10.416311722881645,17,1,2,0,0,0,0,1.9390765371477845,4.0,HighStudy,HighAttendance
2962,15,1,3,4,6.45802137155802,17,1,3,0,1,0,0,1.6698070522329402,4.0,LowStudy,HighAttendance
2969,15,1,0,1,14.67840740575401,14,1,3,0,0,0,0,2.197394591639808,3.0,HighStudy,LowAttendance
2970,15,0,1,0,8.220943871121163,13,1,3,1,0,0,0,2.332971816562523,3.0,LowStudy,LowAttendance
2973,17,0,0,3,8.183932875712996,28,1,3,0,0,0,0,0.8409854510198023,4.0,LowStudy,HighAttendance
2976,15,0,0,1,9.943076317657432,26,1,0,0,1,1,0,0.61316598823277,4.0,LowStudy,HighAttendance
2981,15,1,0,2,18.652914346823355,27,1,4,1,1,1,1,1.5858200366928563,4.0,HighStudy,HighAttendance
2983,18,0,1,4,13.189801162491683,24,1,2,0,1,1,0,1.558632200330993,4.0,HighStudy,HighAttendance
2990,15,0,0,1,16.4092258031663,2,1,1,1,1,0,0,3.399542858486649,1.0,HighStudy,LowAttendance
2991,18,0,1,2,17.078969260290872,3,1,1,0,1,0,0,3.5635357914562173,0.0,HighStudy,LowAttendance
2994,15,0,1,2,5.712531993671542,25,1,3,1,0,0,0,0.9669488067667787,4.0,LowStudy,HighAttendance
2997,16,0,0,1,0.6376959041718422,15,1,4,1,0,0,0,1.993952452575168,4.0,LowStudy,LowAttendance
3004,18,0,2,3,0.1154132258593598,21,1,2,1,0,0,0,1.0033653059742336,4.0,LowStudy,HighAttendance
3008,17,0,0,1,13.522835772029143,23,1,4,1,0,0,0,1.9648466563741724,4.0,HighStudy,HighAttendance
3009,15,1,0,1,14.04194376758982,13,1,4,1,0,0,0,2.6882293307172063,2.0,HighStudy,LowAttendance
3010,15,0,1,1,14.417864381041952,14,1,4,1,1,0,0,2.7397016672595758,2.0,HighStudy,LowAttendance
3012,15,0,0,1,0.001056538645936,4,1,3,0,1,0,0,2.968807133269986,2.0,LowStudy,LowAttendance
3017,15,1,0,0,18.677175915714788,27,1,4,0,0,0,0,1.139337063496313,4.0,HighStudy,HighAttendance
3026,16,1,0,1,8.85874243468872,0,1,2,0,1,1,0,3.748102280530043,0.0,LowStudy,LowAttendance
3027,17,0,0,2,11.985871326209574,17,1,2,0,0,0,0,1.7062124885863237,4.0,HighStudy,HighAttendance
3028,18,0,0,0,9.526765869887324,28,1,3,0,0,0,0,0.9590415228646012,4.0,LowStudy,HighAttendance
3029,16,1,0,0,18.656924427205983,0,1,4,1,0,0,1,4.0,0.0,HighStudy,LowAttendance
3031,17,0,1,2,10.022394016506963,24,1,2,0,0,0,0,1.0007755569217258,4.0,HighStudy,HighAttendance
3033,17,1,0,1,15.83813076844474,25,1,2,0,0,0,0,1.1721916329362534,4.0,HighStudy,HighAttendance
3035,15,0,0,3,18.17835488242908,21,1,2,0,1,0,0,1.907640379807341,4.0,HighStudy,HighAttendance
3040,17,1,1,4,6.588333147488859,18,1,1,0,0,0,0,1.510058697488437,4.0,LowStudy,HighAttendance
3043,15,1,0,1,16.931086449308058,26,1,3,1,1,0,0,1.419977098603833,4.0,HighStudy,HighAttendance
3048,17,1,0,0,5.327552828600477,26,1,1,0,1,0,0,0.6550115881417289,4.0,LowStudy,HighAttendance
3049,17,1,2,2,17.989061691076703,9,1,3,1,1,0,0,3.5116138627312408,0.0,HighStudy,LowAttendance
3050,15,0,2,3,18.54732818923107,14,1,3,0,0,1,0,2.8625628192347974,2.0,HighStudy,LowAttendance
3054,18,0,3,2,14.736336636594004,4,1,1,1,0,0,0,3.017133682391308,1.0,HighStudy,LowAttendance
3059,16,1,0,1,14.689740806448071,14,1,0,1,0,0,0,2.2925396421337085,3.0,HighStudy,LowAttendance
3063,17,0,2,2,9.924389589798489,28,1,4,0,0,0,0,0.7289188138326557,4.0,LowStudy,HighAttendance
3068,15,1,1,3,14.078718146556618,9,1,3,1,0,0,0,3.030196982539537,1.0,HighStudy,LowAttendance
3070,17,0,1,2,18.29772300243008,20,1,3,0,0,1,0,1.966123442653016,4.0,HighStudy,HighAttendance
3072,17,0,0,1,9.005303869932764,1,1,4,0,1,1,0,3.772896608478868,0.0,LowStudy,LowAttendance
3073,18,1,1,2,3.98761638021254,15,1,2,0,1,1,0,1.922165909079572,4.0,LowStudy,LowAttendance
3080,18,1,3,0,6.544423663229077,23,1,2,1,0,0,0,1.2083322825671698,4.0,LowStudy,HighAttendance
3082,18,1,0,1,3.381154982674115,8,1,2,0,1,0,0,2.6867167544354524,2.0,LowStudy,LowAttendance
3085,15,0,0,2,9.07507520500707,6,1,2,0,0,1,0,2.8934002946535644,2.0,LowStudy,LowAttendance
3088,15,1,1,0,12.665669646659907,26,1,1,0,1,1,0,1.0583113523259429,4.0,HighStudy,HighAttendance
3089,18,0,0,2,16.214413458903497,23,1,1,0,1,0,0,1.230428755834961,4.0,HighStudy,HighAttendance
3097,16,1,2,2,13.27408957852512,27,1,1,0,1,0,0,1.0296486453677298,4.0,HighStudy,HighAttendance
3098,16,0,1,1,7.622010272236281,18,1,3,0,0,0,0,1.757497312769606,4.0,LowStudy,HighAttendance
3106,18,1,0,2,18.85825422783513,8,1,1,0,0,1,0,2.953961921722677,2.0,HighStudy,LowAttendance
3107,17,0,0,2,14.430235596868473,26,1,4,0,0,0,0,0.9894684413187074,4.0,HighStudy,HighAttendance
3108,17,0,0,3,1.762531390011155,12,1,2,0,1,0,0,2.1370681063433614,3.0,LowStudy,LowAttendance
3112,15,0,0,3,16.405859212183547,16,1,2,0,1,0,0,2.202232939648992,3.0,HighStudy,HighAttendance
3123,17,0,1,1,18.868562145305702,27,1,3,1,0,0,0,1.4868656515688805,4.0,HighStudy,HighAttendance
3127,15,1,0,2,16.930689862468103,1,1,1,1,1,0,0,3.5974890937641693,0.0,HighStudy,LowAttendance
3134,15,1,0,3,7.027118693098535,20,1,2,1,1,0,0,1.2945928801079334,4.0,LowStudy,HighAttendance
3135,17,0,2,2,5.2973251562714285,23,1,2,0,0,1,0,1.0777476837996005,4.0,LowStudy,HighAttendance
3136,15,1,3,2,6.997233884449569,11,1,3,0,0,1,0,2.920181898407056,2.0,LowStudy,LowAttendance
3138,18,0,0,0,7.35694362285602,22,1,4,0,0,0,0,1.446052351501112,4.0,LowStudy,HighAttendance
3141,18,1,0,2,16.100353864692558,24,1,3,0,0,1,0,1.1058998695955586,4.0,HighStudy,HighAttendance
3146,18,0,1,2,17.693499699066997,2,1,3,0,1,0,1,3.4590447338738057,1.0,HighStudy,LowAttendance
3150,17,1,1,1,18.846018758024133,29,1,2,0,1,0,0,0.9966476630212407,4.0,HighStudy,HighAttendance
3153,15,0,0,1,6.75421549448449,4,1,1,0,0,1,1,2.864498066852598,2.0,LowStudy,LowAttendance
3156,18,1,1,1,15.315685854314488,13,1,4,0,0,0,0,2.565368052695248,2.0,HighStudy,LowAttendance
3158,17,1,2,3,14.329525252843338,2,1,2,1,0,0,1,3.636416567860032,0.0,HighStudy,LowAttendance
3160,15,0,0,0,4.225258338763929,15,1,3,0,0,0,0,1.7995311493172337,4.0,LowStudy,LowAttendance
3161,15,0,0,2,12.6535406968272,7,1,3,0,1,0,0,3.1831261171881216,1.0,HighStudy,LowAttendance
3164,18,1,1,1,9.219391844250794,6,1,3,0,0,1,0,3.1326292974173744,1.0,LowStudy,LowAttendance
3168,17,1,3,2,15.234854129390316,17,1,2,1,0,0,0,2.071972431377945,3.0,HighStudy,HighAttendance
3169,16,0,2,2,1.1659440772471408,17,1,1,1,1,0,1,1.6356867327778124,4.0,LowStudy,HighAttendance
3172,16,0,0,1,17.278066325882264,23,1,3,0,0,0,0,1.6838320257206556,4.0,HighStudy,HighAttendance
3173,15,1,0,2,13.023954241906928,13,1,2,1,1,0,0,3.138784394067383,1.0,HighStudy,LowAttendance
3175,15,1,0,2,2.247659498574188,13,1,1,1,1,1,0,1.687307435197655,4.0,LowStudy,LowAttendance
3176,17,0,0,4,6.954756711186311,24,1,2,0,0,1,0,0.9030855768578068,4.0,LowStudy,HighAttendance
3178,18,0,2,1,4.033104225337844,3,1,3,0,0,0,1,3.189217169770364,2.0,LowStudy,LowAttendance
3182,15,0,2,1,3.253044363798012,13,1,1,0,0,0,0,1.8440563794665372,1.0,LowStudy,LowAttendance
3183,17,0,2,3,17.08691965565431,25,1,2,0,0,0,0,1.3055845144947993,2.0,HighStudy,HighAttendance
3187,15,1,3,1,8.384984986379315,19,1,2,1,1,0,0,1.5578704926030598,3.0,LowStudy,HighAttendance
3188,16,1,1,2,3.879879124467944,9,1,0,0,0,0,0,2.185710840310208,3.0,LowStudy,LowAttendance
3194,15,0,3,3,11.627331144091498,27,1,2,1,0,0,0,0.6189366143827062,4.0,HighStudy,HighAttendance
3202,16,1,0,1,8.188958752546183,15,1,3,0,0,0,0,2.0607924590958486,2.0,LowStudy,LowAttendance
3204,17,1,1,2,5.959595893245391,1,1,2,1,0,0,0,3.453790618896306,1.0,LowStudy,LowAttendance
3208,18,0,0,1,7.518767508065867,17,1,3,0,0,0,0,1.6720340583678444,1.0,LowStudy,HighAttendance
3211,15,0,3,3,18.24970108460737,18,1,2,0,0,0,1,1.970600159244711,3.0,HighStudy,HighAttendance
3213,16,1,2,2,9.242809465398016,23,1,3,1,0,0,0,1.11944101772116,4.0,LowStudy,HighAttendance
3217,16,1,3,0,4.708144976830533,16,1,3,0,0,0,0,1.699348106354839,1.0,LowStudy,HighAttendance
3222,17,0,0,1,9.211320151245117,19,1,4,0,1,1,1,1.9922988471433196,1.0,LowStudy,HighAttendance
3229,15,0,2,1,3.342686297386144,18,1,3,1,1,0,0,1.6511561293797232,0.0,LowStudy,HighAttendance
3230,18,0,2,1,8.143474771977505,5,1,1,1,0,0,1,2.827614868021281,3.0,LowStudy,LowAttendance
3232,15,0,1,3,10.69601953838336,27,1,1,1,0,0,0,0.7697406121390962,4.0,HighStudy,HighAttendance
3238,17,0,1,3,2.2078846849986755,21,1,3,0,0,0,0,1.3339741028791137,0.0,LowStudy,HighAttendance
3239,18,0,0,4,9.356048240746784,9,1,3,0,0,0,0,2.622327676479096,4.0,LowStudy,LowAttendance
3242,17,0,2,2,5.288085958592907,19,1,3,1,0,0,0,1.7609996788469535,0.0,LowStudy,HighAttendance
3248,17,1,2,1,8.033062515287606,25,1,2,1,0,1,0,1.3250390169983148,2.0,LowStudy,HighAttendance
3249,18,1,3,2,18.981592063656336,20,1,1,0,0,1,0,1.6094102771441563,3.0,HighStudy,HighAttendance
3251,15,0,2,2,5.708105806056832,13,1,2,0,1,0,0,2.2435930907680928,2.0,LowStudy,LowAttendance
3254,16,0,2,2,16.57334287067188,20,1,2,0,0,1,0,1.6806611823420308,4.0,HighStudy,HighAttendance
3258,16,1,0,1,5.812859386130622,20,1,1,0,0,0,0,1.0085719028530793,1.0,LowStudy,HighAttendance
3259,18,0,0,2,5.949853399853364,20,1,0,0,0,0,0,0.968725634893168,1.0,LowStudy,HighAttendance
3260,17,1,2,1,5.926961537611614,8,1,1,0,0,0,0,2.681277359272072,3.0,LowStudy,LowAttendance
3262,18,0,2,1,4.596520835850722,12,1,2,1,0,0,0,2.376854346050859,3.0,LowStudy,LowAttendance
3264,16,0,0,0,14.304737069652662,18,1,2,1,0,0,0,1.7797561259491266,1.0,HighStudy,HighAttendance
3268,18,1,2,2,7.598010446454079,0,1,3,0,0,0,0,3.040729612939948,4.0,LowStudy,LowAttendance
3269,15,0,1,3,9.518126549464014,4,1,2,1,0,0,0,3.208461746184048,3.0,LowStudy,LowAttendance
3272,15,0,2,1,14.321261068391165,25,1,3,0,0,0,0,1.3023928842500831,4.0,HighStudy,HighAttendance
3274,16,1,2,1,6.373945145707946,26,1,3,0,1,0,0,1.2523485891697117,2.0,LowStudy,HighAttendance
3275,18,1,0,3,8.970850987369188,24,1,1,0,1,0,0,1.16974580305184,1.0,LowStudy,HighAttendance
3281,16,0,2,1,7.603899959503551,2,1,1,1,0,1,0,3.228448079477929,1.0,LowStudy,LowAttendance
3286,18,0,3,1,0.3936643076282742,14,1,2,0,1,1,1,2.0956481907808397,1.0,LowStudy,LowAttendance
3289,15,1,0,2,16.263642945689224,19,1,3,1,0,1,0,2.1371244106086893,2.0,HighStudy,HighAttendance
3293,17,1,2,2,10.243399118677743,13,1,1,1,1,0,1,2.3116704996467785,4.0,HighStudy,LowAttendance
3295,18,0,0,2,9.300706494613456,28,1,3,0,0,0,0,0.3907558869817938,0.0,LowStudy,HighAttendance
3296,18,0,0,2,13.797920066267215,2,1,3,0,0,0,0,3.597766084455523,2.0,HighStudy,LowAttendance
3301,15,0,0,2,19.57712030356469,21,1,2,1,0,0,0,2.0956913654305778,4.0,HighStudy,HighAttendance
3304,15,0,2,2,2.119118226880954,13,1,3,1,0,0,0,1.9965131156897773,0.0,LowStudy,LowAttendance
3309,17,1,0,2,17.985006139631295,9,1,1,1,0,0,1,2.6650755516566824,2.0,HighStudy,LowAttendance
3316,15,0,0,3,0.8679435715712169,10,1,2,0,0,0,0,2.2404508383745223,0.0,LowStudy,LowAttendance
3317,16,1,2,0,6.969559515913106,0,1,2,0,0,0,0,3.0526409582889382,1.0,LowStudy,LowAttendance
3326,15,1,3,2,14.72034736730672,13,1,3,1,0,0,1,2.3780489451557907,1.0,HighStudy,LowAttendance
3328,17,1,3,3,18.580417714336026,16,1,2,1,0,0,0,2.288466675256948,4.0,HighStudy,HighAttendance
3331,18,1,0,2,1.7704463042945684,20,1,1,0,1,0,1,1.5561060712293842,2.0,LowStudy,HighAttendance
3333,16,0,0,3,5.764239368962121,15,1,3,1,0,0,0,2.179357068500431,0.0,LowStudy,LowAttendance
3338,16,0,0,1,13.964309069889456,22,1,4,0,0,1,0,1.5624112622115092,0.0,HighStudy,HighAttendance
3339,18,1,0,2,12.475443813017058,1,1,2,1,0,1,0,3.5729453198762804,1.0,HighStudy,LowAttendance
3340,15,0,0,3,3.780345654929944,11,1,1,0,1,0,0,2.073033167181521,2.0,LowStudy,LowAttendance
3345,15,0,1,1,6.446769161618873,2,1,0,0,0,0,1,2.799063885002723,2.0,LowStudy,LowAttendance
3349,18,0,2,2,1.49491807272631,10,1,4,0,0,1,0,2.6317363035461985,3.0,LowStudy,LowAttendance
3350,18,1,0,1,9.213699469642677,25,1,1,1,0,0,0,0.9326697393710618,2.0,LowStudy,HighAttendance
3355,16,1,0,2,1.5654896145975172,4,1,4,1,1,0,0,3.9794209177543953,4.0,LowStudy,LowAttendance
3360,15,0,0,1,8.817102254050317,12,1,2,1,0,1,0,2.121473442487156,3.0,LowStudy,LowAttendance
3363,17,1,2,2,0.6757830189649727,19,1,0,0,0,0,0,1.0410289006678957,2.0,LowStudy,HighAttendance
3365,18,1,0,2,3.73465988194742,1,1,0,0,0,0,0,2.735041610764964,0.0,LowStudy,LowAttendance
3375,16,0,2,1,2.313504472962331,5,1,3,1,0,0,0,2.913898458953871,0.0,LowStudy,LowAttendance
3378,18,0,0,2,12.749976058683265,8,1,0,1,1,0,0,2.6523548127186087,2.0,HighStudy,LowAttendance
3384,16,1,2,2,11.736408901471274,18,1,4,0,0,0,0,1.810037822647263,3.0,HighStudy,HighAttendance
3385,15,1,0,1,16.655581420465893,13,1,3,0,1,0,0,2.539112848520151,4.0,HighStudy,LowAttendance
3389,17,0,0,1,7.583217279598868,4,1,4,0,1,0,0,3.279149727025028,4.0,LowStudy,LowAttendance
